feature,12/31/2008,3/31/2009,6/30/2009,9/30/2009,12/31/2009,3/31/2010,6/30/2010,9/30/2010,12/31/2010,3/31/2011,6/30/2011,9/30/2011,12/31/2011,3/31/2012,6/30/2012,9/30/2012,12/31/2012,3/31/2013,6/30/2013,9/30/2013,12/31/2013,3/31/2014,6/30/2014,9/30/2014,12/31/2014,3/31/2015,6/30/2015,9/30/2015,12/31/2015,3/31/2016,6/30/2016,9/30/2016,12/31/2016,3/31/2017,6/30/2017,9/30/2017,12/31/2017,3/31/2018,6/30/2018,9/30/2018,12/31/2018,3/31/2019,6/30/2019,9/30/2019,12/31/2019,3/31/2020,6/30/2020,9/30/2020,12/31/2020,3/31/2021,6/30/2021,9/30/2021,12/31/2021,3/31/2022,6/30/2022,9/30/2022,12/31/2022,3/31/2023,6/30/2023,9/30/2023,12/31/2023,3/31/2024,6/30/2024,9/30/2024,12/31/2024,3/31/2025,6/30/2025,9/30/2025,12/31/2025,3/31/2026,6/30/2026,9/30/2026,12/31/2026,3/31/2027,6/30/2027,9/30/2027
RCONA567,275000,303000,296000,308000,349000,322000,366000,345000,413000,453000,478000,496000,510000,569000,572000,583000,607000,719000,803000,874000,966000,1124000,1234000,1286000,1402000,1498000,1621000,1742000,1765000,1738000,1601000,1536000,1921000,1411000,1449000,1472000,1493000,1529000,1521000,1764000,1951000,2034000,2062000,1988000,1970000,2025000,1958000,1843000,1706000,1863000,1780000,1847000,1855000,1771000,2036000,2164000,2465000,2745000,2898000,3236000,3517000,3581000,3638000,3659000,3402000,3262000,3311000,3518000,3519879.17,3521213.94,3522162.03,3522835.46,3523313.8,3523653.57,3523894.9,3524066.32
RCONB550,44294000,48428000,32201000,32497000,29601000,30254000,29610000,30845000,31227000,31137000,30722000,39719000,43794000,47507000,52442000,58620000,64292000,65766000,64055000,62908000,62550000,62809000,63007000,65786000,70267000,75050000,76130000,79239000,86016000,90875000,111577000,109765000,111959000,107833000,103260000,106097000,111657000,121392000,125042000,128206000,134308000,141979000,137103000,147352000,160209000,162638000,151617000,141091000,135383000,130166000,145621000,152483000,169960000,180710000,195313000,186098000,176291000,157243000,165917000,162452000,178026000,185714000,180417000,191777000,180238000,193819000,194899000,204217000,205042971.6,204784669.3,204865447,204840185.7,204848085.6,204845615.1,204846387.7,204846146.1
RCON3499,0,0,0,0,0,0,0,0,0,0,0,0,0,0,4000,2000,1000,0,0,0,0,1000,2000,0,0,0,0,0,0,0,0,0,0,0,0,0,0,0,0,0,0,0,0,0,0,0,0,0,0,0,0,0,0,0,0,0,0,0,0,0,0,0,0,2000,154000,31000,0,0,1614.87,1556.52,1558.63,1558.55,1558.55,1558.55,1558.55,1558.55
RIAD4460,10000,0,0,0,0,0,0,0,0,1000000,1000000,1000000,1000000,0,0,0,0,2000000,2000000,2000000,2000000,0,0,0,0,0,0,0,0,0,0,0,0,0,500000,500000,500000,0,0,0,0,0,0,0,0,0,0,0,0,0,0,16903000,16903000,0,0,0,0,0,0,0,0,0,0,0,0,0,2500000,5000000,2665400.14,2635664.98,2635286.25,2635281.42,2635281.36,2635281.36,2635281.36,2635281.36
RCON3485,328000,1745000,3007000,2909000,2923000,316000,319000,279000,330000,357000,423000,384000,343000,409000,526000,524000,607000,611000,732000,695000,682000,736000,777000,795000,880000,919000,701000,790000,807000,871000,756000,812000,812000,952000,984000,1005000,1409000,1106000,995000,1077000,1188000,1239000,1246000,1023000,2420000,9488000,38244000,72543000,76862000,86157000,97355000,109280000,122254000,135716000,137347000,151267000,161940000,171520000,175403000,182521000,178722000,190533000,180840000,175862000,180911000,185052000,190525000,198477000,203166380.3,207510323.9,211534276.8,215261810.8,218714761,221913354.4,224876327.8,227621037.9
RIADB492,174000,92000,179000,246000,283000,79000,155000,230000,242000,40000,107000,149000,149000,0,0,0,0,0,0,0,0,0,0,0,0,0,0,0,0,0,0,0,0,0,0,0,0,0,0,0,0,0,0,0,0,0,0,0,0,0,0,1000,1000,0,31000,62000,91000,28000,55000,84000,123000,30000,34000,39000,42000,1000,2000,3000,11439.32,10834.28,10877.65,10874.54,10874.77,10874.75,10874.75,10874.75
RIAD4464,37000,197000,720000,1011000,1031000,19000,423000,542000,621000,167000,384000,524000,612000,207000,299000,394000,495000,174000,320000,467000,588000,146000,304000,433000,497000,156000,288000,393000,459000,128000,260000,385000,542000,154000,301000,457000,593000,102000,209000,319000,506000,118000,219000,355000,522000,117000,244000,369000,523000,253000,449000,608000,812000,205000,403000,663000,787000,184000,390000,594000,793000,190000,382000,595000,905000,228000,512000,830000,613306.81,631514.72,629984.78,630113.34,630102.53,630103.44,630103.37,630103.37
RCONB563,21236000,36885000,34551000,21211000,21871000,23802000,21464000,22285000,24206000,25435000,24916000,28442000,32795000,33582000,35407000,38303000,40945000,43652000,41688000,41300000,52282000,54181000,45729000,50646000,52574000,51333000,50081000,52059000,56404000,56670000,65874000,67206000,78783000,73436000,73908000,72714000,78099000,81409000,76082000,77742000,80416000,85332000,84143000,86615000,90569000,92419000,87887000,72990000,74795000,73861000,81134000,82996000,91618000,99411000,99398000,107822000,108571000,105606000,88937000,89563000,87294000,88082000,85234000,86743000,81941000,82733000,80098000,81910000,82215256.17,82400418.29,82512733.82,82580862.12,82622187.34,82647254.37,82662459.52,82671682.65
RIAD4020,198000,38000,75000,99000,121000,19000,34000,46000,59000,10000,19000,30000,40000,8000,17000,24000,28000,1000,1000,2000,4000,2000,5000,7000,13000,8000,21000,23000,49000,18000,41000,63000,85000,32000,68000,108000,151000,56000,138000,244000,397000,207000,433000,671000,815000,123000,170000,218000,263000,34000,58000,50000,52000,5000,42000,192000,565000,490000,1211000,1924000,2747000,670000,1363000,2253000,3023000,630000,1349000,2120000,1810727.15,1865058.76,1855514.04,1857190.81,1856896.24,1856947.99,1856938.9,1856940.5
RCON5370,522000,518000,554000,606000,648000,622000,711000,787000,876000,959000,1039000,1113000,1218000,1316000,1426000,1510000,1710000,1894000,2130000,2616000,2885000,3153000,3441000,3755000,4076000,4391000,4827000,5123000,5375000,5698000,5724000,5841000,5869000,6034000,6071000,6199000,6225000,6383000,6574000,6736000,7158000,6978000,7302000,7564000,7699000,7746000,8170000,8252000,8559000,8546000,8552000,9001000,8755000,9027000,9739000,9491000,9706000,9923000,10089000,10373000,10601000,10710000,10894000,11062000,11202000,11297000,11479000,11347000,11510138.64,11667127.88,11818199.5,11963576.58,12103473.75,12238097.59,12367646.87,12492312.87
RIAD8757,66000,2273000,2895000,4650000,6066000,-1370000,-3236000,91000,-112000,2059000,3439000,2764000,2786000,1230000,825000,1963000,2959000,-1316000,-1181000,-39000,303000,-106000,-67000,-2860000,-3754000,-2485000,-684000,-550000,-1833000,1329000,481000,434000,-2598000,804000,2837000,3303000,3600000,62000,-2040000,-2213000,-1976000,629000,708000,-478000,1438000,907000,985000,1635000,3316000,-1832000,-206000,-1360000,-1764000,-1446000,-2502000,-5235000,-2698000,1258000,1742000,280000,2286000,-1311000,1000,2815000,874000,4724000,5617000,6063000,3585281.3,2388202.6,1809849.04,1530424.78,1395424.45,1330200.73,1298688.71,1283464.08
RIADC897,0,0,0,0,0,0,0,0,0,0,0,0,0,0,0,0,0,0,0,0,0,0,0,0,0,0,0,0,0,0,0,0,0,11000,11000,11000,11000,0,0,0,0,0,0,0,0,0,0,0,0,0,0,0,0,0,0,0,0,0,15000,15000,51000,0,0,31000,87000,0,0,0,8663.09,8034.4,8080.03,8076.71,8076.95,8076.94,8076.94,8076.94
RCONB551,0,0,0,0,0,0,0,0,0,0,0,0,0,0,0,0,0,0,0,0,0,0,0,0,0,0,0,0,0,0,0,0,0,0,0,0,0,0,0,0,0,0,0,0,0,0,0,0,0,0,0,0,0,0,5000,5000,4000,4000,5000,3000,1000,0,0,0,0,0,0,0,-115.45,-208.6,-283.77,-344.42,-393.36,-432.85,-464.72,-490.43
RIADB514,0,0,0,0,0,0,0,0,0,0,0,0,0,0,0,0,0,0,0,0,0,0,0,0,0,0,0,0,0,0,0,0,0,0,0,0,0,0,0,0,0,0,0,0,0,4000,31000,54000,73000,27000,63000,95000,140000,64000,152000,276000,443000,216000,471000,751000,1097000,377000,754000,1100000,1462000,357000,686000,1006000,864741.37,905002.35,893527.33,896797.89,895865.73,896131.41,896055.69,896077.27
RCON5512,0,0,0,0,0,0,0,0,0,0,0,0,0,0,0,0,0,0,0,0,0,0,0,0,0,0,0,0,0,0,0,11000,6000,24000,24000,24000,24000,24000,23000,5000,0,0,0,0,0,0,0,0,0,0,0,0,0,0,0,0,0,0,0,0,0,0,0,0,0,0,0,0,0,0,0,0,0,0,0,0
RIADF554,0,416000,338000,519000,688000,56000,-225000,-39000,39000,15000,-188000,-755000,-862000,331000,21000,591000,535000,180000,172000,-5000,-13000,34000,141000,116000,491000,230000,118000,358000,333000,15000,35000,57000,71000,6000,4000,5000,5000,1000,1000,1000,1000,0,-4000,-7000,-7000,-40000,-54000,-57000,-59000,1000,1000,1000,1000,1000,-2000,-1000,-9000,0,3000,8000,14000,-17000,-21000,-15000,-15000,-4000,-10000,-15000,-6508.31,-2762.05,-1109.33,-380.2,-58.53,83.38,145.99,173.61
RCON1287,0,0,0,0,0,0,0,0,0,0,0,0,0,0,0,0,0,0,0,0,0,0,0,0,0,0,0,0,0,0,0,0,0,0,100000,2482000,2455000,2423000,2411000,2397000,2440000,2468000,2504000,5668000,5857000,6185000,20975000,26674000,30192000,23163000,22956000,24398000,24455000,24426000,24146000,23551000,23711000,24879000,25657000,25696000,24841000,34766000,33484000,39424000,40737000,38972000,51454000,53304000,55668747.25,55404851.53,55434301.17,55431014.71,55431381.47,55431340.54,55431345.11,55431344.6
RIAD4646,0,0,0,0,0,0,0,0,0,0,0,0,0,0,0,0,0,0,0,0,0,0,0,0,0,0,0,0,0,0,0,0,0,0,0,0,0,0,5000,5000,5000,0,0,0,0,0,37000,40000,45000,2000,15000,19000,43000,35000,35000,59000,60000,0,11000,75000,78000,4000,4000,8000,8000,6000,6000,6000,12245.14,12783.74,12830.2,12834.2,12834.55,12834.58,12834.58,12834.58
RCON2210,92000,242000,80000,75000,87000,87000,56000,34000,15000,170000,0,0,0,225000,427000,230000,362000,192000,343000,515000,341000,430000,214000,283000,413000,338000,375000,283000,606000,613000,488000,308000,657000,614000,551000,418000,794000,879000,630000,568000,740000,595000,803000,460000,5446000,12874000,25660000,32492000,33795000,39593000,78536000,52849000,78587000,70001000,77014000,91622000,94370000,81812000,89430000,99937000,83529000,68279000,69485000,73480000,85371000,83385000,90415000,98719000,101990105.4,104230912.8,105765934.5,106817471.4,107537806.4,108031258,108369287.4,108600847.9
RCON6636,44957000,51985000,35464000,35544000,32640000,31191000,30342000,31562000,32291000,32111000,31802000,40518000,44764000,48688000,53774000,59451000,66185000,65964000,65384000,64485000,64089000,64427000,64629000,67906000,72380000,76998000,77838000,80714000,88129000,92798000,113713000,111481000,114781000,110704000,105880000,108444000,115677000,124108000,127684000,130247000,137461000,145063000,139971000,149772000,168113000,180207000,220722000,218767000,217302000,225762000,282168000,268565000,317851000,324452000,343100000,353293000,351979000,324788000,352173000,360990000,362981000,363082000,356863000,370383000,372521000,386692000,390101000,405095000,408876666.8,412530136.5,416059755,419469720.8,422764090,425946781.3,429021580.6,431992145.4
RIAD4415,1758000,0,14000,14000,26000,0,7000,7000,202000,8000,18000,144000,146000,0,0,4000,4000,0,0,0,0,0,0,132000,132000,0,0,0,0,0,0,0,0,0,0,0,37000,0,0,0,0,0,0,0,1000,0,0,0,0,0,750000,20929000,21936000,36000,202000,2309000,2356000,57000,58000,62000,69000,16000,18000,19000,21000,0,1000,4000,-515135.97,-528630.76,-528981.55,-528990.67,-528990.91,-528990.92,-528990.92,-528990.92
RIAD4093,324000,301000,998000,1406000,1514000,346000,685000,958000,1214000,512000,853000,1151000,1305000,299000,475000,669000,873000,257000,500000,725000,947000,240000,508000,718000,863000,260000,519000,736000,891000,287000,561000,841000,1179000,370000,723000,1060000,1433000,480000,1025000,1502000,2020000,531000,1112000,1793000,2474000,644000,1428000,2113000,2588000,969000,1849000,3547000,4563000,1350000,2761000,4268000,5652000,1575000,3272000,5515000,7149000,1666000,3096000,4727000,6375000,1635000,3351000,5073000,4104083.88,4392907.15,4306812.1,4332476.09,4324825.94,4327106.37,4326426.6,4326629.23
RCONB989,57900000,47058000,33972000,32191000,7429000,20135000,11281000,9196000,7828000,6878000,5318000,10523000,4689000,7961000,11128000,7328000,1508000,3881000,2331000,1490000,1539000,1797000,4933000,2534000,4986000,2999000,3086000,3300000,2467000,4204000,3367000,5597000,3664000,5871000,18888000,14232000,18312000,24078000,22550000,19121000,36510000,33863000,34115000,39279000,4424000,28346000,31831000,25322000,19013000,15745000,31266000,21554000,22226000,18085000,22953000,23093000,28535000,50544000,44858000,43173000,43473000,30235000,32313000,38946000,15908000,15697000,32970000,12643000,18424929.35,21382980.71,22896328.13,23670560.94,24066660.62,24269306.34,24372980.46,24426020.43
RCON1752,78000,404000,402000,402000,402000,403000,403000,403000,403000,409000,410000,410000,414000,414000,414000,409000,409000,409000,409000,409000,409000,409000,409000,409000,424000,469000,507000,507000,559000,575000,553000,553000,553000,530000,531000,526000,592000,571000,504000,504000,463000,463000,471000,465000,466000,624000,495000,473000,450000,522000,520000,475000,1199000,1337000,1392000,1396000,1352000,1547000,1350000,1439000,1352000,1349000,1593000,1593000,1592000,1593000,1594000,1595000,1595093.4,1595132.65,1595149.14,1595156.07,1595158.99,1595160.21,1595160.72,1595160.94
RIAD4070,54000,12000,34000,29000,33000,5000,15000,20000,25000,6000,18000,25000,33000,8000,20000,28000,37000,8000,19000,25000,30000,6000,15000,23000,31000,8000,19000,26000,39000,13000,26000,36000,44000,8000,18000,27000,35000,9000,20000,28000,34000,9000,16000,20000,24000,4000,9000,12000,15000,3000,6000,10000,12000,2000,5000,8000,10000,3000,7000,8000,10000,2000,4000,6000,9000,2000,5000,7000,5756.91,6047.31,5979.47,5995.32,5991.62,5992.48,5992.28,5992.33
RIAD4300,-250000,1215000,1695000,2824000,3691000,526000,949000,1253000,1207000,320000,669000,1106000,1343000,522000,706000,1084000,1456000,388000,811000,1042000,1387000,338000,646000,963000,1323000,313000,707000,1177000,1685000,322000,713000,1093000,1458000,334000,722000,1087000,1416000,575000,1047000,1531000,2134000,413000,801000,1117000,1617000,268000,164000,676000,906000,884000,1515000,2528000,3352000,940000,1601000,2459000,3279000,1656000,2861000,4386000,5482000,2310000,4400000,5821000,7710000,2336000,4377000,6609000,5386500.85,5630700.16,5581920.33,5591664.31,5589717.91,5590106.71,5590029.04,5590044.56
RCONC230,0,0,0,0,0,0,0,0,0,0,0,0,0,0,0,0,0,0,0,0,0,0,0,0,0,0,0,0,0,0,0,0,0,0,0,0,0,0,0,0,0,5000,0,2000,1000,1000,5000,4000,3000,3000,1000,1000,0,0,0,0,0,0,0,0,1000,0,1000,5000,7000,3000,4000,0,955.5,1613.87,2067.5,2380.07,2595.43,2743.83,2846.07,2916.53
RCON2107,0,0,0,0,0,0,0,0,0,0,0,0,0,0,0,0,0,0,0,0,0,0,0,0,0,0,0,0,0,180000,94000,93000,92000,92000,90000,85000,84000,84000,83000,83000,82000,95000,137000,118000,122000,132000,131000,121000,132000,132000,130000,87000,72000,75000,73000,73000,72000,72000,71000,71000,69000,69000,67000,67000,64000,64000,62000,62000,62445.94,62373.89,62385.53,62383.65,62383.95,62383.9,62383.91,62383.91
RIAD4074,240000,-9000,142000,126000,134000,-33000,-54000,-79000,-272000,54000,86000,155000,238000,95000,213000,320000,449000,170000,340000,516000,756000,241000,473000,705000,1073000,359000,681000,1033000,1426000,391000,776000,1161000,1550000,379000,857000,1368000,1941000,650000,1320000,1979000,2747000,706000,1456000,2153000,2877000,811000,1489000,2173000,2946000,829000,1756000,2749000,3877000,1250000,2711000,4488000,6684000,2255000,4514000,6612000,8550000,2260000,4292000,6534000,8906000,2428000,5137000,8062000,5997949.54,6715055.77,6465913.92,6552472.45,6522399.71,6532847.78,6529217.84,6530478.98
RCON0090,10164000,24134000,7041000,13994000,27430000,16532000,21023000,26415000,28118000,27271000,31768000,30030000,40056000,43053000,43273000,49715000,58666000,49636000,50275000,49653000,50388000,46975000,43924000,39800000,38677000,41719000,37940000,38929000,49356000,50130000,72347000,66655000,74242000,67863000,41592000,47386000,50859000,48453000,49120000,53306000,29201000,34477000,28335000,26927000,50550000,34157000,43343000,63688000,52711000,95924000,133090000,100932000,122006000,142696000,156207000,161279000,165791000,101294000,124714000,122526000,105656000,91114000,102632000,77207000,105780000,82688000,72769000,86494000,80037290.49,75709498.85,72808674.45,70864315.09,69561053.39,68687505.48,68101985.36,67709523.98
RIAD4010,91000,47000,91000,112000,133000,19000,43000,72000,104000,32000,67000,114000,174000,88000,190000,305000,426000,115000,235000,377000,535000,178000,393000,614000,921000,293000,582000,917000,1257000,397000,781000,1176000,1572000,432000,911000,1455000,2100000,698000,1508000,2365000,3316000,1040000,2032000,3049000,4108000,1066000,2052000,2960000,3866000,959000,2000000,3140000,4424000,1389000,3076000,5367000,8221000,3101000,6504000,10050000,13750000,3798000,7657000,11728000,15676000,3847000,7890000,12202000,9723875.87,10520596.81,10264449.73,10346801.43,10320325.23,10328837.37,10326100.7,10326980.54
RIAD4628,0,0,0,0,0,0,0,0,0,0,0,0,0,0,0,0,0,0,0,0,0,0,0,0,0,0,0,0,0,0,0,0,0,0,0,0,0,0,0,0,0,0,0,0,0,0,0,0,2000,0,0,1000,1000,0,1000,1000,1000,0,0,0,2000,0,0,0,4000,0,4000,4000,3752.53,3651.84,3610.88,3594.21,3587.43,3584.67,3583.55,3583.09
RIAD3217,1458000,13629000,13629000,13629000,13629000,17332000,17332000,17332000,17332000,18733000,18733000,18733000,18733000,19214000,19214000,19214000,19214000,20667000,20667000,20667000,20667000,20051000,20051000,20051000,20051000,21503000,21503000,21503000,21503000,23185000,23185000,23185000,23185000,24611000,24611000,24611000,24611000,25546000,25546000,25546000,25546000,27718000,27718000,27718000,27718000,29332000,29332000,29332000,29332000,30020000,30020000,30020000,30020000,41875000,41875000,41875000,41875000,48302000,48302000,48302000,48302000,54783000,54783000,54783000,54783000,63033000,63033000,63033000,63033012.76,63033012.99,63033012.99,63033012.99,63033012.99,63033012.99,63033012.99,63033012.99
RIAD4468,10000,0,0,0,0,218000,0,31000,74000,26000,48000,76000,95000,22000,39000,58000,75000,17000,40000,60000,87000,8000,36000,44000,57000,0,36000,52000,68000,18000,36000,55000,72000,23000,49000,40000,68000,27000,52000,75000,0,27000,0,0,0,0,100000,122000,172000,0,0,0,0,67000,149000,212000,0,87000,147000,268000,0,0,0,0,0,0,0,0,33763.55,39165.75,40030.11,40168.4,40190.53,40194.07,40194.64,40194.73
RIADB508,1458000,13629000,13629000,13629000,13629000,17332000,17332000,17332000,17332000,18733000,18733000,18733000,18733000,19214000,19214000,19214000,19214000,20667000,20667000,20667000,20667000,20051000,20051000,20051000,20051000,21503000,21503000,21503000,21503000,23185000,23185000,23185000,23185000,24611000,24611000,24611000,24611000,25546000,25546000,25546000,25546000,27718000,27718000,27718000,27718000,28920000,28920000,28920000,28920000,30020000,30020000,30020000,30020000,41875000,41875000,41875000,41875000,48302000,48302000,48302000,48302000,54783000,54783000,54783000,54783000,63033000,63033000,63033000,63033012.93,63033013.16,63033013.17,63033013.17,63033013.17,63033013.17,63033013.17,63033013.17
RCON9999,20081231,20090331,20090630,20090930,20091231,20100331,20100630,20100930,20101231,20110331,20110630,20110930,20111231,20120331,20120630,20120930,20121231,20130331,20130630,20130930,20131231,20140331,20140630,20140930,20141231,20150331,20150630,20150930,20151231,20160331,20160630,20160930,20161231,20170331,20170630,20170930,20171231,20180331,20180630,20180930,20181231,20190331,20190630,20190930,20191231,20200331,20200630,20200930,20201231,20210331,20210630,20210930,20211231,20220331,20220630,20220930,20221231,20230331,20230630,20230930,20231231,20240331,20240630,20240930,20241231,20250331,20250630,20250930,20255167.17,20259361.96,20263514.81,20267626.12,20271696.33,20275725.83,20279715.04,20283664.35
RCON3545,65847000,67469000,58747000,50781000,40431000,36530000,46187000,42279000,38058000,34554000,35240000,47478000,37334000,32638000,38177000,37324000,36894000,35858000,36211000,32684000,21748000,21425000,21454000,26409000,27149000,27309000,25139000,29106000,26250000,28532000,25720000,27004000,25581000,25015000,28302000,23817000,22842000,19673000,22456000,20575000,30517000,35747000,43119000,46138000,69965000,58703000,74297000,57501000,62835000,34422000,28622000,36099000,38316000,31597000,32205000,36103000,26786000,33183000,37867000,52583000,47805000,55874000,50092000,55527000,61251000,81624000,76238000,82513000,80792240.97,81286472.3,81144520.63,81185291.57,81173581.46,81176944.81,81175978.8,81176256.25
RCON2200,45049000,52227000,35544000,35619000,32727000,31278000,30398000,31596000,32306000,32281000,31802000,40518000,44764000,48688000,53774000,59451000,66185000,67084000,65384000,64485000,64089000,64427000,64629000,67906000,72380000,77000000,77840000,80730000,88134000,92800000,113714000,111497000,114789000,110737000,105886000,108449000,115679000,124112000,127685000,130249000,137463000,145063000,139980000,149776000,168119000,180215000,220731000,218776000,217310000,225774000,282181000,268587000,317867000,324474000,343132000,353325000,352005000,324813000,352195000,361013000,363006000,363106000,356889000,370460000,372596000,386866000,390220000,405207000,409016544,412697847.3,416255227,419692854.7,423014761.6,426224843.2,429326863.9,432324461.3
RCON0070,411000,63000,84000,88000,86000,131000,89000,52000,49000,32000,55000,39000,36000,49000,57000,59000,78000,72000,108000,72000,96000,421000,441000,471000,502000,165000,192000,181000,265000,117000,77000,140000,117000,219000,262000,183000,172000,252000,153000,208000,419000,431000,500000,1131000,1326000,1593000,1693000,1216000,1369000,1576000,1969000,2823000,1724000,1600000,2842000,1722000,2170000,1824000,2263000,2248000,3036000,2069000,3137000,3422000,2136000,2313000,2589000,4120000,3210061.77,4031605.37,3289869.43,3959550.51,3354924.63,3900815.01,3407954.35,3852936.78
RIADB497,321000,243000,304000,400000,465000,53000,238000,380000,580000,172000,376000,612000,821000,157000,367000,668000,1124000,279000,510000,788000,1051000,240000,484000,834000,1022000,200000,458000,743000,987000,113000,304000,408000,622000,95000,170000,296000,669000,230000,571000,709000,1081000,134000,332000,623000,752000,558000,897000,1256000,1428000,315000,596000,942000,1199000,467000,1059000,1190000,1331000,267000,632000,1080000,1355000,419000,967000,1201000,1598000,421000,707000,1084000,930669.2,967251.69,958523.64,960606.03,960109.2,960227.73,960199.45,960206.2
RCON3645,78000,156000,126000,156000,75000,112000,71000,114000,66000,94000,60000,94000,66000,102000,92000,121000,109000,126000,113000,129000,103000,99000,104000,114000,115000,127000,135000,144000,154000,162000,211000,192000,204000,175000,182000,197000,217000,234000,292000,316000,291000,367000,318000,263000,285000,267000,267000,221000,198000,169000,160000,151000,159000,163000,247000,412000,872000,486000,513000,1210000,1265000,1520000,1481000,1024000,726000,827000,820000,833000,865037.56,854376.09,857924.02,856743.34,857136.24,857005.49,857049.01,857034.53
RCONC229,0,0,0,0,0,0,0,0,0,0,0,0,0,0,0,0,0,0,0,0,0,0,0,0,0,1000,1000,1000,1000,0,0,0,0,0,1000,1000,1000,1000,3000,12000,22000,45000,30000,109000,57000,60000,94000,99000,249000,231000,122000,75000,106000,97000,19000,58000,69000,82000,97000,58000,66000,93000,65000,54000,39000,37000,63000,28000,27769.25,27869.45,27825.94,27844.83,27836.63,27840.19,27838.64,27839.31
RIADB751,0,0,0,0,0,0,0,0,0,0,0,0,0,0,0,0,0,0,0,0,0,0,0,0,0,0,0,0,0,0,0,0,0,0,0,0,0,0,0,0,0,0,0,0,0,0,0,0,0,0,0,0,0,0,0,5000,8000,4000,8000,12000,24000,0,0,0,0,0,0,0,-297.7,-514.43,-672.22,-787.09,-870.73,-931.62,-975.95,-1008.22
RIADB747,79000,16000,41000,59000,65000,18000,31000,37000,52000,12000,22000,0,0,0,0,0,0,0,0,0,0,0,0,0,0,0,0,0,0,0,0,0,0,0,0,0,0,0,0,0,0,0,0,0,0,0,0,0,0,0,0,0,0,0,0,0,0,0,0,0,0,0,0,0,0,0,0,0,0,0,0,0,0,0,0,0
RIAD4141,8000,0,0,0,0,0,0,0,0,0,29000,38000,42000,0,0,0,0,0,0,0,0,0,0,0,0,0,0,0,0,0,0,0,0,0,0,0,0,0,0,0,0,0,0,0,0,0,0,0,0,0,0,0,0,0,0,0,0,0,0,0,0,0,0,0,0,0,0,0,259.13,398.18,472.8,512.84,534.32,545.85,552.04,555.36
RCONF173,0,0,0,0,0,0,0,0,0,0,0,0,0,0,0,0,0,0,0,0,0,0,0,0,0,0,0,0,0,0,0,0,0,0,0,0,0,0,0,0,28000,0,3000,0,25000,11000,1000,8000,61000,10000,0,0,0,0,105000,126000,3000,0,0,0,0,15000,0,0,31000,18000,0,9000,12716.03,12681.96,12682.28,12682.27,12682.27,12682.27,12682.27,12682.27
RIAD4092,124000,250000,882000,1232000,1288000,285000,562000,775000,980000,452000,734000,982000,1131000,278000,433000,603000,774000,236000,459000,664000,867000,193000,421000,592000,718000,206000,417000,596000,724000,245000,443000,653000,930000,276000,550000,805000,1103000,342000,691000,1051000,1558000,367000,752000,1285000,1875000,491000,1069000,1610000,1998000,594000,1201000,2051000,2932000,910000,1850000,2921000,3939000,946000,1960000,3115000,4663000,1042000,2010000,3066000,4337000,1033000,2193000,3395000,2655910.11,2896098.58,2818042.44,2843409.02,2835165.42,2837844.42,2836973.8,2837256.73
RIAD4107,1002000,448000,895000,1207000,1497000,206000,389000,573000,775000,220000,412000,642000,883000,246000,542000,800000,1077000,289000,579000,878000,1228000,343000,690000,1035000,1520000,483000,963000,1491000,2049000,635000,1302000,1979000,2704000,788000,1671000,2636000,3694000,1209000,2599000,4085000,5812000,1811000,3712000,5732000,7552000,1785000,3099000,4258000,5405000,1184000,2426000,3792000,5302000,1677000,4113000,8129000,13997000,6511000,13839000,21543000,29265000,7882000,15744000,24065000,31906000,7533000,15459000,23920000,19752798.73,20867797.77,20569462.56,20649286.75,20627928.56,20633643.27,20632114.21,20632523.34
RCON2385,44303000,48428000,32201000,32538000,29642000,30295000,29671000,30911000,31309000,31219000,30722000,39788000,43849000,47562000,52497000,58645000,64317000,65791000,64060000,62908000,62550000,62809000,63008000,65786000,70267000,75050000,76130000,79239000,86016000,90875000,111577000,109765000,111959000,107833000,103385000,106222000,111782000,121517000,125167000,128361000,134463000,142134000,137438000,147782000,160669000,163283000,152322000,141616000,135823000,130656000,146046000,153331000,170685000,181593000,196721000,187191000,176903000,157978000,166320000,162885000,178553000,186224000,180912000,192285000,180756000,194336000,195259000,204426000,205141504.3,204914557.8,204986541.6,204963709.5,204970951.5,204968654.4,204969383,204969151.9
RCONC237,0,0,0,0,0,0,0,0,0,0,0,0,0,0,0,0,0,0,0,0,0,0,0,1000,0,0,0,0,0,0,0,0,0,0,0,0,0,0,0,0,0,0,0,0,0,0,12000,65000,34000,24000,4000,9000,0,0,2000,0,0,0,0,0,0,0,0,0,0,0,0,0,-238.04,-383.65,-472.73,-527.23,-560.56,-580.96,-593.43,-601.07
RIAD4056,0,0,0,0,0,0,0,0,0,0,0,0,0,0,0,0,0,0,1000,0,0,2000,2000,2000,2000,6000,0,0,0,0,1000,3000,5000,2000,5000,8000,10000,8000,13000,19000,25000,6000,12000,18000,23000,5000,8000,11000,13000,2000,4000,6000,8000,2000,6000,10000,19000,8000,8000,9000,9000,0,1000,1000,1000,0,1000,1000,1160.59,1152.65,1153.05,1153.03,1153.03,1153.03,1153.03,1153.03
RIADF559,10000,0,0,0,0,0,0,0,0,0,0,0,0,0,0,0,0,0,0,0,0,0,0,0,0,0,0,0,0,0,0,0,0,0,0,0,0,22000,0,0,0,30000,67000,106000,157000,49000,90000,137000,179000,54000,101000,165000,244000,72000,144000,207000,314000,76000,158000,248000,341000,86000,168000,275000,310000,101000,208000,344000,247335.7,278595.73,268486.63,271755.79,270698.58,271040.47,270929.91,270965.66
RCON5508,0,0,0,0,0,0,0,0,0,0,0,0,0,0,0,0,0,0,0,0,0,0,0,0,0,0,0,0,0,0,0,0,0,0,0,0,0,0,0,18000,17000,16000,13000,13000,11000,10000,10000,7000,3000,6000,3000,3000,0,0,0,0,0,0,0,0,0,0,0,0,0,0,0,0,-145.17,-7.54,-138.02,-14.32,-131.59,-20.41,-125.82,-25.89
RIAD4467,10000,0,0,0,0,11000,45000,81000,113000,201000,167000,167000,167000,24000,44000,70000,96000,23000,51000,68000,98000,17000,36000,52000,73000,18000,41000,75000,91000,62000,62000,62000,79000,28000,49000,76000,106000,34000,115000,170000,238000,47000,101000,155000,205000,55000,165000,259000,233000,55000,130000,341000,514000,143000,261000,411000,596000,152000,294000,446000,617000,175000,379000,575000,886000,189000,442000,705000,517477.51,581318.46,559584.18,566983.49,564464.44,565322.04,565030.07,565129.47
RCONB561,0,0,0,0,0,0,0,0,0,0,0,0,0,0,0,0,0,0,0,0,0,0,0,0,0,0,0,0,0,0,0,0,0,0,0,0,0,0,0,0,0,0,8000,173000,1302000,2097000,2221000,2760000,3740000,4474000,5045000,6001000,7568000,9594000,11599000,13186000,15028000,16108000,16840000,17920000,18999000,19448000,19563000,20199000,21188000,21426000,21561000,21479000,21271566.73,21093439.96,20940479.22,20809129.01,20696336.16,20599478.85,20516305.7,20444883.39
RCONF176,0,0,0,0,0,0,0,0,0,0,0,0,0,0,0,0,0,0,0,0,0,0,0,0,0,0,0,0,0,0,0,0,0,0,0,0,0,0,0,10000,9000,17000,34000,35000,36000,41000,48000,66000,64000,53000,48000,36000,3000,16000,16000,3000,8000,3000,0,15000,15000,15000,15000,15000,15000,15000,15000,15000,15251.08,15147.96,15190.31,15172.92,15180.06,15177.13,15178.33,15177.84
RIAD4135,175000,49000,111000,165000,213000,58000,117000,173000,220000,57000,113000,161000,165000,20000,40000,62000,95000,20000,39000,59000,77000,46000,84000,122000,139000,53000,99000,136000,161000,40000,111000,177000,233000,89000,163000,240000,309000,125000,311000,417000,408000,146000,320000,442000,528000,134000,326000,455000,521000,348000,611000,1418000,1526000,408000,834000,1219000,1535000,579000,1210000,1744000,1791000,588000,1018000,1482000,1831000,568000,1091000,1571000,1305676.37,1365808.17,1352180.16,1355268.75,1354568.77,1354727.41,1354691.45,1354699.6
RCON0082,1695000,1295000,1164000,962000,749000,438000,1358000,859000,974000,923000,698000,752000,769000,749000,756000,638000,618000,614000,871000,652000,618000,600000,665000,845000,978000,1256000,617000,646000,395000,274000,341000,481000,242000,304000,338000,597000,254000,237000,320000,681000,902000,355000,635000,368000,393000,1802000,1079000,1363000,1654000,790000,839000,774000,829000,1218000,1021000,901000,933000,1079000,1338000,1233000,1103000,984000,1076000,757000,514000,260000,312000,385000,370279.59,380337.15,373465.43,378160.46,374952.63,377144.34,375646.88,376670.01
RCONB562,155000,148000,161000,115000,85000,95000,153000,187000,210000,226000,257000,315000,345000,373000,391000,409000,445000,466000,682000,818000,705000,1000000,1140000,1216000,1242000,1388000,1401000,1510000,1540000,1603000,1763000,1760000,2012000,2614000,2933000,3668000,4275000,4735000,5485000,6012000,6990000,7245000,7552000,7728000,7779000,7984000,8375000,8255000,8551000,8708000,9221000,9988000,11247000,13064000,13661000,14862000,15977000,16320000,15512000,14799000,15109000,11981000,9024000,8962000,9035000,9318000,2927000,3260000,1576265.06,48897.37,-1336624.78,-2593474.48,-3733601.45,-4767845.64,-5706040.32,-6557105.53
RIADC079,0,0,0,0,0,0,0,0,0,0,0,0,0,0,0,0,0,0,0,0,0,0,0,0,3000,0,1000,1000,1000,0,0,0,0,11000,13000,18000,158000,22000,54000,92000,163000,77000,160000,248000,351000,104000,243000,405000,571000,79000,152000,208000,310000,123000,265000,457000,698000,273000,629000,1002000,1398000,390000,784000,1207000,1616000,416000,751000,1071000,933615.7,967695.14,959241.42,961338.44,960818.26,960947.29,960915.29,960923.23
RIAD4185,237000,228000,435000,643000,811000,142000,254000,360000,462000,87000,184000,281000,369000,69000,153000,207000,250000,34000,69000,106000,135000,35000,74000,100000,130000,32000,93000,158000,197000,69000,117000,171000,266000,133000,227000,303000,377000,57000,145000,250000,359000,182000,335000,575000,761000,159000,211000,231000,225000,31000,46000,153000,243000,108000,396000,906000,1823000,864000,1912000,3012000,4240000,757000,1806000,2884000,3805000,803000,1639000,2539000,2218767.38,2278611.82,2267428.21,2269518.18,2269127.61,2269200.6,2269186.96,2269189.51
RCONB535,0,0,0,0,0,0,0,0,0,0,0,0,0,48000,640000,665000,699000,685000,672000,1434000,1441000,1428000,1121000,1071000,1039000,1001000,522000,545000,593000,515000,509000,496000,485000,510000,492000,56000,41000,41000,25000,164000,168000,160000,181000,25000,36000,25000,25000,25000,0,0,0,0,54000,5000,24000,13000,28000,0,43000,22000,0,0,0,0,109000,424000,333000,370000,371597.31,371655.56,371657.69,371657.77,371657.77,371657.77,371657.77,371657.77
RIAD4635,0,0,0,0,0,0,0,0,0,0,0,0,0,0,0,0,0,0,0,0,0,0,0,0,3000,0,1000,1000,1000,17000,17000,17000,24000,11000,17000,22000,162000,51000,88000,126000,199000,132000,215000,303000,446000,111000,391000,556000,722000,112000,198000,263000,387000,123000,265000,457000,698000,286000,657000,1048000,1502000,394000,824000,1328000,1790000,468000,844000,1184000,1027327.11,1064568.7,1055716.27,1057820.52,1057320.33,1057439.23,1057410.96,1057417.68
RIADB754,0,12000,22000,27000,34000,0,18000,27000,32000,7000,13000,0,0,0,0,0,0,0,0,0,0,0,0,0,0,0,0,0,0,0,0,0,0,0,0,0,0,0,0,0,0,0,0,0,0,0,0,0,0,0,0,0,0,0,0,0,0,0,0,0,0,0,0,0,0,0,0,0,-110.56,-204.22,-283.58,-350.81,-407.77,-456.02,-496.9,-531.54
RIAD8759,0,0,0,0,0,0,0,0,0,0,0,0,0,0,0,0,0,0,0,0,0,0,0,0,4000,1000,-7000,5000,108000,-37000,-163000,-140000,11000,-16000,-42000,-39000,25000,33000,-52000,-37000,-156000,-63000,-153000,-48000,-318000,-147000,-228000,-224000,-177000,51000,-54000,161000,494000,91000,-83000,80000,471000,56000,312000,178000,628000,223000,574000,1425000,1184000,651000,1452000,1888000,1590293.95,1674007.37,1650467.58,1657086.85,1655225.55,1655748.94,1655601.76,1655643.15
RIADA220,-876000,1887000,2991000,3682000,4808000,954000,1646000,2131000,2166000,624000,1260000,1966000,2185000,812000,900000,1214000,1388000,335000,727000,813000,1056000,218000,423000,545000,662000,146000,323000,478000,535000,264000,370000,503000,592000,232000,453000,552000,589000,201000,237000,503000,547000,246000,429000,555000,961000,232000,587000,780000,772000,597000,790000,1478000,1708000,873000,1469000,2466000,3121000,1165000,2089000,3667000,4949000,1899000,3523000,4875000,6297000,1709000,3027000,4361000,3957689.7,3972652.61,3972097.49,3972118.08,3972117.32,3972117.35,3972117.35,3972117.35
RIADF551,-690000,-3000,363000,601000,641000,169000,237000,305000,188000,48000,13000,-196000,-100000,183000,500000,569000,964000,207000,538000,937000,1299000,252000,476000,615000,534000,49000,202000,90000,-38000,1000,9000,19000,-5000,18000,28000,35000,36000,8000,9000,13000,-26000,4000,-11000,-14000,-15000,19000,34000,22000,13000,26000,22000,25000,18000,-15000,-14000,-21000,-22000,16000,0,-4000,10000,-1000,-3000,318000,307000,-7000,-18000,-21000,-2983.54,6905.29,12333.05,15312.23,16947.43,17844.96,18337.59,18607.98
RCONF047,275000,491000,384000,370000,325000,312000,277000,353000,366000,318000,271000,266000,273000,291000,394000,393000,484000,437000,450000,473000,437000,408000,430000,410000,383000,417000,414000,429000,419000,487000,537000,589000,594000,572000,470000,519000,503000,459000,489000,490000,562000,615000,663000,689000,737000,771000,849000,880000,797000,707000,598000,586000,563000,557000,588000,728000,716000,693000,818000,782000,797000,825000,798000,837000,798000,797000,869000,897000,906787.9,908335.39,908580.05,908618.73,908624.85,908625.81,908625.97,908625.99
RCON1545,338000,71000,85000,86000,89000,104000,142000,183000,233000,229000,301000,250000,280000,285000,284000,234000,338000,317000,276000,453000,500000,623000,575000,534000,679000,706000,756000,931000,919000,966000,801000,785000,810000,796000,766000,854000,801000,912000,867000,815000,956000,891000,1052000,1024000,1058000,1017000,942000,926000,1397000,1790000,1769000,1773000,1583000,1594000,1692000,1679000,1194000,1155000,1108000,1065000,941000,928000,845000,798000,979000,937000,15109000,16267000,28112808.54,19198658.78,25906691.05,20858795.5,24657413.1,21798896.01,23949973.28,22331255.16
RCON3360,3272000,4619000,4125000,3352000,3199000,3131000,3443000,3929000,4261000,4451000,4578000,6358000,8190000,12199000,12871000,14518000,15015000,14761000,15710000,17691000,20393000,23950000,27180000,30908000,35219000,38437000,41493000,45425000,47136000,50515000,48221000,46454000,45609000,46346000,49056000,51389000,57355000,62664000,67446000,70798000,74097000,78205000,76626000,79246000,82179000,87346000,104552000,93060000,90955000,95304000,103169000,113330000,127964000,139859000,148721000,157014000,160004000,160066000,158744000,158864000,170460000,170482000,170123000,176011000,182932000,188693000,199094000,201926000,205688816.3,209414004.5,213101940.8,216752997.7,220367544,223945944.9,227488561.8,230995752.5
RCONF183,0,0,0,0,0,0,0,0,0,0,0,0,0,0,0,0,4000,1000,1000,2000,4000,2000,3000,37000,37000,36000,37000,37000,37000,37000,37000,37000,28000,0,0,0,0,0,0,0,0,0,0,0,6000,0,77000,0,134000,133000,131000,109000,96000,108000,105000,142000,142000,840000,827000,1084000,638000,559000,725000,687000,212000,244000,523000,686000,651359.58,631092.45,619234.73,612297.11,608238.1,605863.3,604473.86,603660.95
RIAD4060,0,0,0,0,0,0,0,0,0,0,0,0,0,0,0,0,0,0,0,0,0,0,0,0,0,0,0,0,0,0,0,0,0,0,1000,4000,7000,3000,4000,4000,4000,0,0,0,0,0,0,0,0,0,0,0,0,0,0,0,0,0,0,0,0,0,0,6000,13000,5000,11000,18000,15004.24,16368.75,15747.24,16030.32,15901.38,15960.11,15933.36,15945.55
RCON1763,2155000,2317000,1369000,873000,825000,805000,854000,836000,689000,647000,669000,807000,3034000,3102000,3140000,3434000,3888000,4357000,4761000,4745000,5285000,5906000,6851000,6706000,7544000,8349000,9271000,10445000,10239000,11219000,10882000,10818000,10703000,10004000,9985000,10756000,10474000,11110000,11594000,11567000,12022000,12132000,11619000,11334000,11002000,25484000,20052000,15097000,13542000,12100000,11969000,13141000,16189000,16275000,20296000,21258000,21246000,22193000,21270000,20422000,21053000,19904000,19719000,18373000,16757000,16355000,16732000,17625000,17726831.82,17770114.69,17788511.76,17796331.31,17799654.94,17801067.63,17801668.09,17801923.31
RIAD4069,471000,215000,477000,685000,890000,132000,243000,353000,456000,100000,203000,321000,425000,69000,159000,220000,299000,86000,180000,269000,354000,79000,162000,238000,325000,132000,264000,419000,555000,123000,248000,385000,551000,143000,288000,418000,511000,129000,266000,423000,606000,161000,405000,679000,948000,315000,520000,646000,763000,103000,179000,267000,354000,82000,177000,286000,493000,227000,418000,763000,1217000,468000,891000,1418000,1976000,681000,1384000,2114000,1610909.09,1745096.04,1709305.02,1718851.38,1716305.13,1716984.28,1716803.13,1716851.45
RIAD4498,1758000,0,14000,14000,26000,0,7000,7000,9000,8000,18000,144000,146000,0,0,4000,4000,0,0,0,0,0,0,132000,132000,0,0,0,0,0,0,0,0,0,0,0,37000,0,0,0,0,0,0,0,1000,0,0,0,0,0,750000,37106000,38113000,36000,202000,2309000,2356000,57000,58000,62000,69000,16000,18000,19000,21000,0,1000,4000,-1269958.67,-1278008.86,-1278059.73,-1278060.05,-1278060.05,-1278060.05,-1278060.05,-1278060.05
RIADB489,0,0,0,0,0,0,0,0,0,0,0,0,0,0,0,0,0,0,0,0,0,0,0,0,0,0,0,0,0,0,0,0,0,0,0,0,1000,0,0,0,0,0,0,0,0,0,0,0,0,0,0,0,0,0,0,0,0,0,0,0,0,28000,176000,407000,677000,303000,625000,952000,742737.44,904972.05,779196.71,876706.33,801110.22,859717.48,814281.14,849506.49
RIADF552,0,11000,376000,606000,682000,159000,211000,255000,168000,61000,-5000,-227000,-136000,179000,497000,569000,963000,207000,538000,937000,1299000,252000,476000,615000,533000,48000,201000,89000,-40000,1000,8000,17000,-6000,18000,29000,36000,37000,1000,9000,13000,-25000,-3000,-15000,-21000,-15000,0,-1000,-4000,-6000,34000,33000,34000,30000,-2000,-6000,-17000,-27000,2000,-2000,-2000,-1000,6000,3000,6000,6000,-3000,-10000,-12000,-2114.04,6088.87,12895.24,18542.85,23228.97,27117.28,30343.62,33020.68
RIADC886,0,0,0,0,0,0,0,0,0,0,0,0,0,0,0,0,0,0,0,0,0,0,0,0,0,0,0,0,0,0,0,0,1000,0,1000,1000,1000,1000,1000,2000,2000,1000,1000,1000,1000,0,1000,2000,2000,0,0,132000,173000,66000,105000,166000,208000,53000,110000,135000,161000,42000,91000,137000,194000,29000,123000,175000,135051.84,144597.95,142316.79,142861.9,142731.64,142762.77,142755.33,142757.11
RIAD8431,0,0,0,0,0,0,0,0,0,0,0,0,0,0,0,0,0,0,0,0,0,0,0,0,0,0,0,0,0,0,0,0,0,0,0,0,0,0,0,0,0,0,0,0,0,0,0,0,0,0,0,0,1000,0,2000,3000,4000,1000,1000,1000,1000,0,0,0,0,0,0,0,-57.02,-101.82,-137.02,-164.68,-186.42,-203.5,-216.92,-227.46
RCON5510,0,0,0,0,0,0,0,0,0,0,0,0,0,0,0,0,0,0,0,0,0,0,0,0,0,0,0,0,0,0,0,0,0,0,0,0,0,0,0,7000,9000,12000,2000,10000,4000,4000,4000,6000,5000,10000,4000,6000,0,0,0,0,0,0,0,0,0,0,0,0,0,0,0,0,-11.74,-1.07,-10.77,-1.96,-9.97,-2.69,-9.3,-3.29
RCONF049,12198000,18765000,16747000,18776000,16754000,16483000,16662000,15574000,14454000,14093000,14529000,16128000,19120000,23034000,27770000,30758000,33668000,34401000,33995000,33078000,30712000,30686000,32427000,33617000,35789000,38836000,41017000,42827000,44586000,48359000,60608000,58686000,55521000,53902000,53053000,54445000,58502000,62803000,66532000,66933000,66042000,68224000,71897000,78590000,81901000,87817000,99164000,95460000,90919000,91503000,98718000,106575000,112526000,119521000,134116000,138140000,132473000,137092000,164772000,161803000,176163000,184475000,187294000,197652000,192046000,206326000,214176000,220950000,227065558.7,233119961.9,239113821,245047741.5,250922322.8,256738158.3,262495835.4,268195935.8
RCONA566,42000,43000,41000,36000,57000,78000,109000,188000,186000,172000,168000,202000,194000,166000,194000,157000,181000,202000,207000,196000,236000,259000,297000,413000,507000,578000,673000,634000,751000,880000,848000,956000,229000,1099000,1229000,1415000,1230000,1167000,1143000,1117000,1118000,1109000,1194000,1283000,1354000,1358000,1316000,1385000,1295000,1331000,1060000,1111000,945000,870000,910000,1021000,1065000,1108000,1179000,1299000,1534000,1639000,1844000,2095000,2445000,2741000,2859000,3063000,3054013.95,3058494.11,3056260.45,3057374.08,3056818.86,3057095.67,3056957.66,3057026.47
RIADC232,5000,0,1000,1000,2000,1000,1000,2000,3000,0,0,0,0,0,0,0,0,0,0,0,0,0,0,0,0,0,0,0,0,0,2000,3000,5000,1000,3000,4000,6000,1000,2000,4000,5000,1000,2000,4000,5000,1000,2000,2000,2000,6000,6000,6000,6000,1000,19000,41000,58000,17000,34000,557000,560000,2000,5000,78000,78000,0,0,0,-44757.91,-47398.79,-47554.61,-47563.8,-47564.35,-47564.38,-47564.38,-47564.38
RIAD4461,-99000,20000,0,32000,24000,11000,21000,30000,0,9000,17000,26000,35000,8000,16000,23000,208000,0,0,24000,55000,44000,82000,98000,149000,31000,89000,151000,239000,168000,92000,192000,241000,71000,170000,243000,451000,114000,360000,400000,667000,101000,196000,333000,425000,470000,647000,850000,921000,202000,332000,545000,710000,365000,779000,758000,842000,185000,380000,644000,810000,231000,552000,825000,1037000,263000,487000,738000,626436.52,645309.57,642116.84,642656.95,642565.58,642581.04,642578.42,642578.86
RIAD4301,-413000,1996000,2760000,3195000,4361000,755000,1374000,1813000,1658000,472000,1075000,1862000,2258000,791000,1135000,1732000,2362000,639000,1323000,1703000,2342000,568000,1092000,1646000,2253000,534000,1137000,1891000,2465000,501000,1070000,1610000,2161000,520000,1115000,1669000,2354000,758000,1363000,1998000,2722000,546000,1058000,1474000,2082000,345000,192000,857000,1144000,1184000,2006000,3361000,4458000,1271000,2182000,3363000,4516000,2259000,3895000,6071000,7645000,3124000,5933000,7873000,10487000,3103000,5889000,8942000,7236827.54,7618011.19,7532799.3,7551848.03,7547589.77,7548541.69,7548328.89,7548376.46
RCON3387,1415000,3280000,1912000,1268000,957000,915000,897000,879000,882000,746000,816000,925000,988000,4063000,4073000,4636000,4602000,4748000,5447000,6278000,7013000,8817000,9616000,9216000,10100000,11071000,12395000,13476000,13859000,14588000,15057000,14422000,14381000,13567000,13179000,13831000,14028000,14409000,16080000,16589000,16790000,17188000,16448000,16391000,16778000,18716000,32961000,24202000,18523000,16757000,15470000,16628000,21643000,23772000,28719000,29926000,30251000,29003000,28873000,27153000,27740000,28136000,27441000,26295000,24560000,22581000,22170000,22204000,22575778.36,22772871.59,22877357.88,22932749.85,22962115.16,22977682.77,22985935.73,22990310.92
RCONF051,32585000,32844000,18316000,16391000,15499000,14362000,12386000,12983000,14713000,15247000,14214000,21285000,22361000,22446000,20705000,23544000,26179000,26253000,24382000,23836000,26234000,27021000,25399000,27332000,29462000,30978000,29944000,30757000,36406000,37494000,46034000,46067000,53076000,50721000,45986000,46989000,50194000,54463000,54365000,56319000,63856000,69215000,60224000,63390000,78395000,84557000,112071000,113221000,115867000,123859000,171229000,149151000,191716000,189558000,190458000,198423000,237533000,207887000,208978000,229791000,205205000,202352000,193795000,187238000,203461000,198614000,198082000,202345000,204476964.5,206233101.9,207679664,208871223.2,209852732,210661218.4,211327183.2,211875750.4
RCONB549,746000,3799000,3343000,3081000,3085000,983000,727000,685000,997000,1062000,1080000,730000,915000,1126000,1277000,806000,1868000,1293000,1324000,1577000,1539000,1618000,1621000,2120000,2113000,1950000,1710000,1491000,2118000,1925000,2137000,1732000,2830000,2904000,2501000,2227000,3897000,2595000,2518000,1888000,3000000,2929000,2542000,1994000,7450000,16932000,68409000,77160000,81487000,95068000,135984000,115256000,147182000,142881000,146200000,163204000,172863000,164212000,184385000,194712000,181298000,175012000,173361000,175127000,188738000,188752000,193052000,197098000,199890300.4,202310853.1,204409150,206228094,207804876.2,209171736.5,210356622.4,211383760.6
RIAD4618,0,0,0,0,0,0,0,0,0,0,0,0,0,0,0,0,0,0,0,0,0,0,0,0,0,0,0,0,0,0,0,0,0,0,0,0,0,0,0,0,0,0,0,0,0,0,0,0,0,0,5000,5000,5000,7000,9000,9000,17000,0,0,1000,1000,0,0,0,0,0,0,0,-381.68,-711.42,-996.28,-1242.38,-1454.98,-1638.66,-1797.33,-1934.42
RIAD4079,-327000,2305000,3615000,4475000,5740000,1133000,2113000,2851000,3146000,930000,1842000,2860000,3327000,998000,1407000,2093000,2800000,737000,1498000,1944000,2588000,578000,1154000,1697000,2108000,438000,980000,1616000,1983000,475000,919000,1336000,1844000,522000,1050000,1480000,2143000,644000,1208000,1805000,2449000,576000,1027000,1537000,2270000,805000,1681000,2329000,2620000,1147000,1987000,4217000,5516000,1819000,3237000,4605000,5783000,1401000,3205000,5525000,7350000,2850000,5410000,7293000,9576000,2618000,4811000,7046000,5984208.31,6157421.44,6129164.69,6133774.29,6133022.32,6133144.99,6133124.98,6133128.24
RCON0352,17670000,13487000,0,0,0,0,0,0,0,0,0,0,0,0,0,0,0,0,0,0,0,0,0,0,0,0,0,16000,5000,2000,8851000,9882000,10510000,11368000,12152000,13207000,13775000,15952000,17588000,19511000,21166000,25415000,27630000,29300000,29460000,31321000,9000,9000,8000,12000,13000,22000,16000,22000,32000,32000,26000,25000,22000,23000,25000,24000,0,0,0,0,0,0,-896.24,-236.71,-722.05,-364.89,-627.72,-434.31,-576.63,-471.9
RIAD4435,16000,8000,15000,23000,32000,8000,17000,27000,37000,11000,22000,35000,47000,13000,27000,41000,56000,16000,34000,58000,84000,27000,57000,89000,130000,42000,75000,119000,164000,46000,93000,141000,189000,50000,102000,154000,208000,60000,130000,204000,301000,92000,186000,290000,395000,103000,207000,303000,397000,98000,208000,335000,473000,135000,260000,399000,539000,150000,298000,446000,619000,191000,388000,604000,828000,225000,454000,691000,505031.58,574107.99,548450.14,557980.53,554440.55,555755.45,555267.04,555448.45
RCON3386,0,0,0,0,0,0,0,0,0,0,0,0,0,0,0,0,0,0,0,0,0,0,0,0,0,0,5000,5000,5000,5000,5000,5000,25000,25000,5000,6000,5000,0,0,0,0,0,0,0,0,0,0,0,0,0,0,0,0,4000,9000,10000,10000,9000,10000,11000,10000,9000,11000,10000,10000,9000,17000,16000,11197.02,11473.5,11457.59,11458.5,11458.45,11458.45,11458.45,11458.45
RCON0010,12270000,25492000,8289000,15044000,28265000,17101000,22470000,27326000,29141000,28226000,32521000,30821000,40861000,43851000,44086000,50412000,59362000,50322000,51254000,50377000,51102000,47996000,45030000,41116000,40157000,43140000,38749000,39756000,50016000,50521000,72765000,67276000,74601000,68386000,42192000,48166000,51285000,48942000,49593000,54195000,30522000,35263000,29470000,28587000,52578000,37976000,46434000,66665000,56268000,98760000,136553000,105170000,125470000,146270000,161105000,165079000,170441000,105365000,129719000,127816000,111896000,96130000,109132000,82923000,110011000,86699000,77369000,92791000,85306132.05,80206651.32,76732347.71,74365286,72752594.15,71653858.53,70905284.05,70395276.23
RIADB485,0,0,0,0,0,0,0,0,0,0,0,0,0,0,0,0,0,0,0,0,0,0,0,0,0,0,0,0,0,0,0,0,0,0,0,0,0,0,0,0,0,0,0,1000,29000,57000,107000,171000,267000,120000,249000,414000,623000,281000,638000,1086000,1645000,634000,1309000,2060000,2855000,815000,1634000,2501000,3383000,872000,1752000,2645000,2151744.5,2313728.85,2260533.44,2278002.73,2272265.84,2274149.83,2273531.13,2273734.31
RCONB552,9000,0,0,41000,41000,41000,61000,66000,82000,82000,0,69000,55000,55000,55000,25000,25000,25000,5000,0,0,0,0,0,0,0,0,0,0,0,0,0,0,0,125000,125000,125000,125000,125000,125000,125000,125000,185000,185000,185000,185000,205000,155000,140000,140000,125000,113000,210000,415000,290000,100000,0,50000,50000,0,0,0,0,0,0,0,0,0,3215.51,4526.55,5061.09,5279.03,5367.89,5404.12,5418.89,5424.92
RIAD5415,0,0,0,0,0,0,0,0,0,0,0,0,0,0,0,0,0,0,0,0,0,0,0,0,0,0,0,0,0,0,0,0,0,0,0,0,0,0,0,0,0,-1000,-2000,-2000,-5000,0,0,-5000,-7000,0,1000,1000,-2000,0,0,0,0,0,10000,10000,10000,0,0,0,0,0,0,0,810.31,1187.44,1362.97,1444.66,1482.68,1500.38,1508.62,1512.45
RIADB515,0,0,0,0,0,0,0,0,0,0,0,0,0,0,0,0,0,0,0,0,0,0,0,0,0,0,0,0,0,0,0,0,0,0,0,0,0,0,0,0,0,0,0,0,0,0,0,1000,1000,1000,2000,4000,5000,3000,6000,10000,16000,8000,19000,31000,45000,24000,48000,75000,104000,35000,75000,120000,95962.6,105810.88,101775.98,103429.1,102751.81,103029.3,102915.61,102962.19
RCON2081,0,0,0,0,0,0,0,0,0,0,0,0,0,0,0,3000,7000,7000,7000,7000,282000,6000,6000,5000,5000,3000,3000,2000,0,0,392000,393000,394000,394000,394000,395000,395000,698000,698000,698000,698000,698000,698000,698000,699000,699000,699000,699000,699000,699000,699000,699000,699000,700000,722000,722000,722000,22000,22000,22000,33000,22000,22000,22000,22000,22000,22000,22000,22000,22000,22000,22000,22000,22000,22000,22000
RCON2216,0,0,0,0,0,0,0,0,0,0,0,0,0,0,0,0,0,0,0,0,0,0,0,0,0,0,0,0,0,0,0,0,0,0,0,0,0,0,0,0,0,0,0,0,0,0,0,0,0,0,0,0,0,0,0,2918000,2234000,2610000,1480000,3410000,3154000,1869000,2615000,2984000,3095000,3777000,1908000,3683000,3113798.99,2795635.53,2617793.27,2518385.67,2462820.3,2431761.2,2414400.24,2404696.08
RCON3465,500000,557000,559000,606000,662000,671000,709000,835000,919000,1052000,1130000,1245000,1331000,1441000,1523000,1642000,1777000,1983000,2242000,2670000,3141000,3420000,3699000,4013000,4418000,4740000,5070000,5558000,5983000,6178000,6379000,6413000,6537000,6648000,6808000,6905000,6892000,7056000,7746000,8243000,9854000,9848000,10333000,10895000,11214000,11410000,11965000,11385000,11493000,11982000,13603000,14638000,16368000,16612000,15383000,15523000,14426000,14648000,14532000,14286000,14908000,16017000,16201000,17198000,17623000,17874000,17976000,18394000,18338612.39,18321025.9,18315441.9,18313668.88,18313105.92,18312927.17,18312870.42,18312852.4
RCON3466,50000,8000,8000,8000,20000,31000,31000,101000,150000,167000,201000,253000,383000,690000,864000,1104000,1412000,1824000,1944000,1825000,2120000,2795000,3039000,3119000,4439000,5255000,5313000,5255000,5894000,6778000,4955000,4680000,4702000,5300000,6340000,6538000,6766000,7181000,8021000,7638000,7917000,7705000,7555000,7324000,8308000,8672000,8034000,8097000,8993000,9340000,9591000,10160000,12682000,13991000,15635000,13707000,11682000,12026000,11689000,11312000,11099000,10738000,11159000,11348000,11525000,11306000,11692000,12703000,12975692.67,13099097.69,13154943.71,13180216.4,13191653.37,13196829.09,13199171.32,13200231.28
RIAD4340,-250000,1209000,1686000,2812000,3677000,524000,945000,1247000,1199000,317000,664000,1100000,1335000,520000,702000,1079000,1449000,387000,809000,1039000,1384000,337000,644000,960000,1320000,312000,705000,1174000,1682000,321000,712000,1091000,1456000,334000,721000,1086000,1414000,575000,1046000,1530000,2133000,413000,800000,1116000,1616000,268000,163000,675000,905000,884000,1515000,2528000,3352000,940000,1601000,2459000,3278000,1654000,2857000,4380000,5475000,2308000,4397000,5817000,7705000,2335000,4376000,6607000,5383635.45,5628776.51,5579654.49,5589497.69,5587525.29,5587920.52,5587841.32,5587857.19
RCONF161,8000,8000,8000,8000,8000,8000,8000,117000,144000,139000,171000,222000,315000,448000,771000,1140000,1590000,1730000,1728000,1396000,1758000,2036000,2315000,2482000,3571000,5742000,4289000,4466000,4486000,4367000,3306000,3630000,3172000,4179000,4379000,5116000,4437000,3418000,5455000,3673000,4030000,4222000,4195000,5160000,5732000,4585000,4114000,3709000,3707000,4834000,3731000,4559000,8538000,10387000,8954000,7810000,7234000,7958000,7744000,7209000,6749000,7131000,7028000,6587000,6418000,6506000,7914000,7974000,7698062.59,7582730.74,7534526.19,7514378.44,7505957.4,7502437.72,7500966.61,7500351.75
RCONF177,0,0,0,0,0,0,0,0,0,0,0,0,0,0,0,0,0,0,0,0,0,0,0,0,0,0,0,0,0,0,0,0,0,0,0,0,0,0,15000,15000,15000,43000,50000,48000,47000,59000,236000,298000,321000,327000,276000,270000,239000,255000,233000,228000,204000,121000,146000,303000,214000,107000,102000,125000,117000,117000,27000,25000,55044.97,57351.06,57528.07,57541.65,57542.7,57542.78,57542.78,57542.78
RCONA564,41000,62000,58000,62000,82000,31000,50000,41000,73000,62000,97000,81000,85000,68000,105000,88000,96000,115000,179000,149000,102000,97000,162000,176000,155000,174000,246000,195000,179000,182000,181000,190000,146000,189000,192000,203000,191000,743000,304000,441000,666000,515000,579000,715000,600000,581000,747000,757000,761000,1233000,673000,912000,345000,682000,939000,271000,238000,282000,251000,303000,212000,230000,235000,334000,228000,304000,270000,281000,282427.37,283088.21,283394.16,283535.81,283601.39,283631.75,283645.81,283652.31
RIAD4302,-163000,781000,1065000,371000,670000,229000,425000,560000,451000,152000,406000,756000,915000,269000,429000,648000,906000,251000,512000,661000,955000,230000,446000,683000,930000,221000,430000,714000,780000,179000,357000,517000,703000,186000,393000,582000,938000,183000,316000,467000,588000,133000,257000,357000,465000,77000,28000,181000,238000,300000,491000,833000,1106000,331000,581000,904000,1237000,603000,1034000,1685000,2163000,814000,1533000,2052000,2777000,767000,1512000,2333000,1860286.92,1979020.61,1949197.68,1956688.46,1954806.96,1955279.55,1955160.84,1955190.66
RCONF172,0,0,0,0,0,0,0,0,0,0,0,0,0,0,0,0,0,0,0,0,0,0,0,0,0,0,0,0,0,0,0,0,0,0,0,0,0,0,0,0,8000,6000,19000,0,15000,12000,0,0,1000,4000,0,0,6000,0,0,0,0,0,0,0,0,0,0,17000,0,0,4000,3000,3046.94,3038.1,3039.77,3039.46,3039.51,3039.5,3039.51,3039.51
RCON1590,0,0,0,0,0,0,0,0,0,0,0,0,0,0,0,0,0,0,0,0,0,0,0,0,0,5000,5000,5000,5000,5000,5000,5000,40000,5000,5000,5000,0,0,0,0,0,0,0,0,0,0,0,0,0,0,0,0,0,9000,9000,10000,10000,10000,10000,11000,10000,11000,11000,10000,9000,9000,23000,9000,12916.86,12711.01,12721.83,12721.26,12721.29,12721.29,12721.29,12721.29
RIAD4115,2000,11000,25000,33000,41000,11000,21000,37000,55000,17000,35000,53000,74000,25000,51000,80000,114000,36000,67000,99000,137000,36000,66000,100000,130000,30000,60000,89000,128000,68000,159000,250000,362000,142000,311000,495000,702000,252000,524000,809000,1125000,259000,465000,635000,778000,125000,144000,157000,172000,18000,47000,63000,87000,46000,335000,1277000,2772000,1849000,3788000,5843000,7576000,1976000,3707000,5331000,6609000,1131000,2266000,3643000,3471907.06,3484295.08,3483398.13,3483463.07,3483458.37,3483458.71,3483458.68,3483458.69
RCON6631,92000,242000,80000,75000,87000,87000,56000,34000,15000,170000,0,0,0,0,0,0,0,1120000,0,0,0,0,0,0,0,2000,2000,16000,5000,2000,1000,16000,8000,33000,6000,5000,2000,4000,1000,2000,2000,0,9000,4000,6000,8000,9000,9000,8000,12000,13000,22000,16000,22000,32000,32000,26000,25000,22000,23000,25000,24000,26000,77000,75000,174000,119000,112000,44759.95,67139.79,59691,62170.21,61345.04,61619.69,61528.28,61558.7
RIAD4150,1835,1753,1850,1851,1954,1938,1909,1893,1896,1892,1845,297,295,283,280,283,241,197,196,202,199,321,323,346,353,395,393,408,429,530,691,802,861,940,992,1119,1236,1592,1606,1760,1805,1912,1931,2127,2185,2313,2312,2392,2412,2469,2449,3580,3699,4801,4908,5129,5162,4896,4818,4910,4870,4002,3959,4090,4136,4340,4316,4432,4431.48,4431.38,4431.36,4431.36,4431.35,4431.35,4431.35,4431.35
RCONF233,0,12000,70000,0,1000,12000,9000,8000,7000,6000,5000,5000,3000,5000,4000,5000,5000,3000,3000,3000,2000,2000,1000,1000,1000,1000,1000,1000,1000,1000,1000,0,0,0,0,0,0,0,0,0,0,0,0,0,0,0,0,0,0,0,0,0,0,0,0,0,0,0,0,0,4000,14000,12000,14000,13000,15000,16000,15000,11738.45,13582.08,12539.95,13129.03,12796.04,12984.27,12877.87,12938.01
RCONF045,70000,284000,223000,238000,225000,233000,1144000,2800000,2841000,2719000,2848000,2934000,3076000,3019000,4998000,4877000,5963000,6119000,6670000,7228000,6809000,6412000,6477000,6661000,6864000,6896000,6600000,6861000,6877000,6622000,6746000,6347000,5802000,5717000,6560000,6693000,6697000,6621000,6591000,6823000,7294000,7377000,7515000,7370000,7371000,7340000,8914000,9436000,9925000,9874000,11796000,12427000,13221000,15001000,18215000,16442000,15935000,13136000,10568000,10955000,10600000,10381000,9746000,9957000,9474000,9029000,9162000,8785000,8745587.1,8735552.4,8732997.52,8732347.04,8732181.42,8732139.25,8732128.52,8732125.78
RCON2377,0,0,0,0,0,0,0,0,0,0,0,0,0,0,0,0,0,0,0,0,0,0,0,0,0,0,0,0,0,0,0,0,0,0,0,0,0,0,0,0,0,0,0,0,0,0,0,0,0,100000,200000,100000,100000,100000,200000,200000,116000,116000,16000,21000,16000,16000,16000,19000,18000,18000,0,0,-680.73,-1244.2,-1710.61,-2096.67,-2416.23,-2680.75,-2899.7,-3080.93
RCON2203,0,0,0,0,0,0,0,0,0,0,0,0,0,0,0,0,0,0,0,0,0,0,0,0,0,0,0,0,0,0,0,0,0,0,0,0,0,0,0,0,0,0,0,0,0,0,0,0,0,0,0,0,0,0,206000,4000,1000,7000,1000,0,0,0,0,64000,7000,1000,1000,0,5973.06,3540.17,4531.11,4127.49,4291.89,4224.93,4252.2,4241.1
RIADB522,1000,3000,3000,3000,3000,2000,2000,2000,2000,4000,4000,4000,4000,6000,6000,6000,6000,20000,20000,20000,20000,75000,75000,75000,75000,137000,137000,137000,137000,189000,189000,189000,189000,219000,219000,219000,219000,354000,354000,354000,354000,617000,617000,617000,617000,777000,777000,777000,777000,2523000,2523000,2523000,2523000,2481000,2481000,2481000,2481000,4252000,4252000,4252000,4252000,4049000,4049000,4049000,4049000,3903000,3903000,3903000,3903000.02,3903000.02,3903000.02,3903000.02,3903000.02,3903000.02,3903000.02,3903000.02
RIAD0093,434000,58000,88000,111000,136000,21000,44000,72000,101000,28000,53000,78000,106000,30000,63000,96000,133000,32000,61000,90000,117000,24000,46000,70000,95000,25000,52000,82000,116000,60000,143000,233000,329000,121000,271000,457000,665000,260000,581000,948000,1386000,480000,988000,1481000,1890000,359000,507000,572000,631000,53000,105000,160000,217000,64000,273000,849000,1791000,1081000,2078000,3130000,4176000,1067000,2098000,3170000,4072000,849000,1664000,2501000,2292203.6,2316871.72,2313957.32,2314301.64,2314260.96,2314265.77,2314265.2,2314265.26
RIAD5416,-2000,-2000,-10000,-10000,-10000,0,0,0,0,0,0,0,0,0,0,0,0,-1000,0,0,0,0,0,0,26000,15000,14000,38000,7000,-59000,-55000,-75000,-74000,-6000,12000,13000,7000,-4000,-22000,-29000,-16000,65000,20000,18000,37000,-111000,-120000,-164000,-154000,-7000,5000,24000,-15000,-52000,-313000,-487000,-518000,-519000,-410000,-532000,-652000,-61000,-128000,-243000,-318000,-3000,-3000,10000,-8206.19,-10394.88,-10658,-10689.63,-10693.43,-10693.89,-10693.94,-10693.95
RCON3548,60363000,52198000,30740000,28566000,21631000,19618000,19274000,18663000,15851000,14450000,15345000,19641000,15831000,12240000,13822000,11700000,9141000,8788000,9523000,9868000,8620000,7681000,5002000,8020000,8210000,10110000,5810000,7582000,8351000,10648000,7989000,7917000,8750000,10417000,7075000,10891000,10267000,8545000,6914000,7689000,8686000,7364000,9209000,7669000,7944000,14018000,9077000,8514000,9707000,13263000,15141000,17005000,17336000,19698000,24327000,23060000,18317000,16628000,18194000,13799000,12748000,12701000,10718000,11582000,13255000,13599000,22632000,20008000,20564378.04,20954952.65,21229134.07,21421608.05,21556723.82,21651574.42,21718159.07,21764901.15
RCON2122,4266000,4726000,3736000,3286000,3196000,3061000,3613000,4104000,4373000,4513000,4962000,8064000,11975000,12126000,13826000,14534000,14742000,15867000,16556000,19972000,22850000,24940000,29102000,33630000,37405000,42262000,44563000,47272000,47899000,50197000,47787000,48049000,47215000,47786000,50949000,55849000,59434000,63792000,69723000,71568000,76598000,76756000,77738000,80010000,84376000,105466000,94859000,88748000,93550000,99034000,105787000,117984000,137193000,141981000,153370000,155723000,158712000,157581000,157671000,160541000,167094000,167949000,170361000,177129000,183588000,194216000,201302000,206888000,211710684.2,216485141.6,221211854.4,225891300.1,230523951.3,235110276,239650737.5,244145794.4
RCONF052,13835,17524,17338,9428,8994,9017,8679,8562,8840,9353,9220,9318,9959,10494,10206,10801,12482,13168,11880,12132,12734,12878,12305,12276,13021,13458,12720,12950,14468,15179,26940,28607,30757,30423,30734,32064,33229,36545,39077,41717,44425,50252,16177,53504,55147,63297,79736,81749,82609,87182,89943,95710,101157,107695,106927,112115,117272,116181,123198,122741,123919,136621,131706,133849,133942,140698,139534,142041,142558.19,142652.01,142669.02,142672.11,142672.67,142672.77,142672.79,142672.79
RIADB511,0,0,0,0,0,0,0,0,0,0,0,0,0,0,0,0,0,0,0,0,0,0,0,0,0,0,0,0,0,-9000,-9000,-15000,-32000,5000,1000,-3000,-16000,-32000,-23000,-43000,39000,-6000,35000,46000,-3000,330000,270000,247000,195000,-374000,-288000,-414000,-573000,-747000,-932000,-1228000,-961000,371000,366000,560000,937000,115000,278000,709000,524000,380000,668000,859000,665065.62,735702.92,709974.49,719345.63,715932.35,717175.58,716722.76,716887.69
RIADC888,2000,73000,117000,128000,161000,42000,59000,90000,133000,88000,81000,108000,139000,21000,120000,183000,251000,116000,242000,318000,451000,114000,232000,295000,367000,69000,166000,331000,415000,144000,274000,464000,659000,193000,396000,591000,842000,207000,401000,592000,801000,122000,231000,322000,500000,122000,307000,448000,564000,239000,589000,1629000,2440000,463000,881000,1200000,1540000,404000,712000,1073000,1394000,519000,919000,1278000,1754000,459000,950000,1406000,1126227.45,1171370.05,1164086.08,1165261.38,1165071.74,1165102.34,1165097.4,1165098.2
RIAD3210,13629000,14838000,15329000,16455000,17332000,17856000,18284000,18586000,18733000,18058000,18415000,18977000,19214000,19734000,19916000,20297000,20667000,19054000,19476000,19706000,20051000,20388000,20695000,21143000,21503000,21815000,22208000,22677000,23185000,23497000,23888000,24261000,24609000,24950000,24833000,25194000,25546000,26089000,26569000,27033000,27718000,28125000,28553000,28880000,29332000,29518000,29353000,29842000,30020000,30530000,31997000,40203000,41875000,43858000,44500000,47169000,48302000,50384000,51583000,53304000,54783000,57222000,59476000,61328000,63033000,65748000,65578000,65503000,66631672.96,67749059.18,68855271.55,69950421.79,71034620.53,72107977.28,73170600.46,74222597.41
RIAD4073,762000,457000,753000,1081000,1363000,239000,443000,652000,1047000,166000,326000,487000,645000,151000,329000,480000,628000,119000,239000,362000,472000,102000,217000,330000,447000,124000,282000,458000,623000,244000,526000,818000,1154000,409000,814000,1268000,1753000,559000,1279000,2106000,3065000,1105000,2256000,3579000,4675000,974000,1610000,2085000,2459000,355000,670000,1043000,1425000,427000,1402000,3641000,7313000,4256000,9325000,14931000,20715000,5622000,11452000,17531000,23000000,5105000,10322000,15858000,13644111.71,14128682.33,14022620.66,14045835.19,14040754.05,14041866.2,14041622.77,14041676.05
RIADF186,-926000,187000,1668000,2070000,2230000,473000,814000,1147000,925000,369000,649000,1358000,1046000,365000,462000,402000,571000,134000,130000,79000,170000,111000,91000,171000,125000,105000,54000,66000,-93000,-31000,-132000,-203000,-78000,-102000,-160000,74000,-105000,22000,-119000,-156000,-563000,-208000,-396000,-328000,-155000,221000,152000,139000,-41000,224000,108000,375000,-102000,497000,1033000,1676000,1177000,208000,8000,167000,45000,335000,442000,-102000,68000,-181000,-9000,-214000,-207712.78,-202899.52,-199214.65,-196393.66,-194234,-192580.65,-191314.9,-190345.89
RCON6810,15346000,21076000,20331000,22046000,21151000,22034000,20891000,22064000,23849000,24386000,24034000,31591000,32989000,32880000,35599000,38748000,42884000,43120000,41609000,41074000,42900000,43010000,41429000,43309000,43025000,44366000,43776000,44793000,49930000,49657000,55140000,55511000,60539000,57578000,53970000,54715000,55715000,59417000,57479000,58186000,58722000,60122000,54906000,57735000,67408000,59768000,68767000,70611000,71633000,69996000,80860000,84147000,96836000,98848000,106044000,104420000,109051000,94034000,85389000,87485000,85408000,89619000,84123000,84812000,78225000,80558000,77499000,78196000,77880349.87,77777348.13,77743737,77732769.14,77729190.15,77728022.27,77727641.17,77727516.81
RIAD4436,0,0,0,0,1000,0,1000,1000,4000,2000,3000,5000,8000,7000,20000,34000,54000,21000,43000,69000,93000,26000,57000,88000,148000,53000,95000,143000,198000,67000,108000,153000,195000,52000,115000,189000,264000,82000,190000,297000,413000,111000,231000,337000,451000,112000,200000,289000,384000,95000,196000,291000,413000,118000,275000,471000,692000,221000,420000,662000,884000,221000,448000,681000,908000,211000,421000,652000,533668.12,570464.42,559022.3,562580.32,561473.93,561817.97,561710.99,561744.25
RCON2215,746000,3799000,3343000,3081000,3085000,983000,727000,685000,997000,1062000,1080000,730000,915000,1126000,1277000,806000,1868000,1293000,1324000,1577000,1539000,1618000,1621000,2120000,2113000,1950000,1710000,1491000,2118000,1925000,2137000,1732000,2830000,2904000,2501000,2227000,3897000,2595000,2518000,1888000,3000000,2929000,2542000,1994000,7450000,16932000,68409000,77160000,81487000,95118000,136135000,115256000,147182000,142881000,146411000,166134000,175102000,166835000,185875000,198128000,184453000,176882000,175977000,178175000,191840000,192530000,194961000,200781000,203074658,205083979.9,206844213.7,208386238,209737103.3,210920506.9,211957208.4,212865393.9
RCONF577,0,0,0,0,0,0,0,0,0,0,0,0,0,0,0,0,0,0,0,0,0,0,0,0,0,0,0,1000,0,1000,0,0,0,0,0,0,0,1000,13000,6000,8000,0,3000,3000,21000,27000,16000,66000,17000,18000,16000,9000,2000,0,0,9000,0,0,0,0,0,0,0,0,1000,0,0,0,3329.81,3632.61,3660.15,3662.65,3662.88,3662.9,3662.9,3662.9
RCONA565,5000,6000,25000,10000,8000,23000,26000,58000,40000,57000,25000,32000,37000,75000,58000,118000,100000,123000,34000,74000,115000,118000,72000,77000,159000,138000,103000,86000,128000,135000,178000,150000,18000,214000,167000,258000,383000,567000,775000,793000,631000,732000,673000,657000,559000,718000,633000,612000,488000,555000,536000,574000,534000,444000,406000,478000,546000,520000,516000,444000,566000,794000,749000,768000,820000,762000,773000,809000,801941.09,808817.52,802118.86,808644.34,802287.56,808480.01,802447.64,808324.06
RCONF160,0,0,0,0,0,0,0,0,0,0,0,0,0,0,0,0,0,0,0,0,24000,24000,29000,31000,81000,81000,81000,81000,81000,81000,81000,79000,78000,78000,78000,78000,338000,349000,348000,348000,289000,288000,86000,86000,86000,86000,86000,571000,433000,366000,299000,298000,294000,269000,269000,246000,235000,234000,225000,225000,225000,218000,217000,62000,62000,62000,62000,62000,85209.45,100667.96,110963.99,117821.6,122389.06,125431.19,127457.38,128806.91
RIAD8758,34000,-573000,-1572000,-3038000,-3488000,1851000,4068000,893000,1353000,-1804000,-2828000,-2156000,-1647000,-783000,-387000,-1151000,-2142000,1517000,1778000,773000,583000,213000,399000,3234000,4287000,2525000,956000,957000,2353000,-997000,184000,412000,3257000,-454000,-2182000,-2786000,-2931000,84000,2448000,2909000,3242000,-112000,270000,1409000,-4000,-749000,-322000,-770000,-2326000,2154000,940000,2268000,3031000,1703000,2975000,5874000,4105000,-375000,1000,3007000,1964000,2640000,2492000,714000,4137000,-3491000,-4050000,-3408000,-1213521.62,-463300.59,-206824.33,-119143.41,-89168.14,-78920.57,-75417.26,-74219.59
RCON0211,27000,0,0,0,0,0,0,0,0,0,0,0,0,0,0,0,0,0,0,0,0,0,0,0,0,0,0,0,0,0,0,0,0,0,0,0,0,0,0,0,496000,1496000,1497000,1497000,1497000,1497000,1497000,1498000,998000,998000,998000,998000,498000,498000,3894000,5872000,5877000,7872000,10896000,10920000,12822000,12860000,11398000,11439000,11478000,11355000,9496000,11972000,13007489.5,12378271.1,12760617.61,12528283.56,12669462.07,12583674.51,12635803.59,12604127.19
RCON1797,0,0,0,0,0,0,0,0,16000,11000,16000,18000,20000,20000,22000,7000,3000,4000,31000,43000,43000,47000,47000,80000,81000,80000,65000,53000,45000,38000,34000,34000,46000,46000,34000,30000,44000,30000,41000,32000,38000,32000,34000,40000,40000,36000,36000,35000,12000,75000,67000,60000,22000,23000,39000,40000,79000,134000,169000,207000,407000,549000,437000,590000,484000,615000,707000,600000,658367.41,704888.93,741968.73,771523.04,795079.19,813854.53,828819.34,840746.98
RIAD5523,0,0,0,0,0,0,0,0,0,0,0,0,0,0,0,0,0,0,0,0,0,0,0,0,0,0,0,0,0,17000,17000,17000,24000,0,4000,4000,4000,29000,34000,34000,36000,55000,55000,55000,95000,7000,148000,151000,151000,33000,46000,55000,77000,0,0,0,0,13000,28000,46000,104000,4000,40000,121000,174000,52000,93000,113000,99971.67,99992.05,99992.01,99992.01,99992.01,99992.01,99992.01,99992.01
RCON1773,0,0,0,0,0,0,0,0,0,0,0,0,0,0,0,0,0,0,0,0,0,0,0,0,0,0,0,0,0,0,0,0,49000,64000,295000,2716000,2688000,2533000,2421000,2397000,2440000,2468000,2504000,5668000,5857000,6185000,20975000,26674000,30192000,23163000,22956000,24398000,24455000,24426000,24146000,23551000,23711000,24879000,25657000,25696000,24841000,34766000,33484000,40168000,41427000,39695000,52344000,54681000,57018050.51,56894493.96,56901026.22,56900680.87,56900699.13,56900698.16,56900698.21,56900698.21
RIADF555,0,0,0,0,0,0,0,0,0,0,0,0,0,0,0,0,0,0,0,0,0,0,0,0,0,0,0,0,0,0,0,0,0,0,0,0,0,0,0,0,0,0,0,0,0,0,0,0,0,0,0,-72000,-140000,-56000,-115000,-194000,-263000,-29000,-89000,-149000,-210000,-36000,0,-338000,-420000,-85000,-201000,-355000,-250360.21,-276779.78,-270109.33,-271793.49,-271368.28,-271475.64,-271448.53,-271455.37
RIAD4012,20000,30000,58000,61000,64000,4000,6000,10000,14000,4000,8000,14000,21000,25000,48000,78000,114000,34000,69000,119000,171000,65000,142000,209000,312000,97000,198000,317000,435000,123000,251000,381000,522000,127000,258000,405000,578000,160000,349000,540000,750000,215000,417000,641000,894000,209000,473000,679000,847000,155000,318000,495000,774000,208000,515000,913000,1442000,525000,1101000,1673000,2271000,600000,1236000,1781000,2290000,453000,863000,1303000,1223972.26,1241970.47,1237871.46,1238804.99,1238592.38,1238640.81,1238629.78,1238632.29
RIADB488,1000,0,0,0,0,0,0,0,0,0,0,0,0,0,0,0,0,0,0,0,0,0,0,0,0,0,0,0,0,0,0,0,0,0,0,9000,21000,12000,23000,34000,48000,20000,42000,74000,110000,36000,77000,127000,179000,42000,77000,116000,158000,41000,88000,161000,246000,96000,257000,435000,625000,251000,564000,931000,1357000,422000,903000,1484000,1152277.96,1283337.77,1231557.45,1252015.29,1243932.62,1247126,1245864.33,1246362.8
RCON1460,0,0,0,0,0,0,0,0,15000,26000,46000,46000,168000,250000,195000,154000,147000,135000,89000,190000,196000,266000,246000,263000,259000,250000,318000,227000,253000,248000,228000,301000,197000,306000,581000,291000,227000,464000,424000,321000,311000,255000,233000,185000,331000,766000,740000,555000,1308000,838000,913000,876000,1558000,1084000,861000,562000,858000,875000,956000,1046000,965000,948000,1466000,1031000,976000,1059000,1680000,1704000,1523903.1,1528718.4,1528589.65,1528593.09,1528593,1528593,1528593,1528593
RCON5367,533000,559000,565000,627000,678000,658000,766000,857000,956000,1060000,1151000,1235000,1351000,1462000,1571000,1668000,1865000,2070000,2354000,2924000,3215000,3506000,3818000,4162000,4488000,4831000,5293000,5638000,5935000,6273000,6341000,6460000,6489000,6693000,6717000,6829000,6838000,7184000,7723000,9790000,9610000,9756000,10731000,10896000,11346000,11448000,11265000,10938000,11681000,13051000,13001000,14983000,16895000,16287000,15618000,14509000,14594000,14651000,13968000,14301000,14976000,15534000,15746000,16180000,17092000,16415000,16404000,16666000,16549239.67,16615245.35,16577931.73,16599025.46,16587100.99,16593842,16590031.24,16592185.5
RCON0020,0,0,0,0,0,0,0,0,0,0,0,0,0,0,0,0,0,0,0,0,0,0,0,0,0,0,0,0,0,0,0,0,0,0,0,0,0,0,0,0,0,0,0,161000,309000,424000,319000,398000,534000,470000,655000,641000,911000,756000,1035000,1177000,1547000,1168000,1404000,1809000,2101000,1963000,2287000,1537000,1581000,1438000,1699000,1792000,1990905.24,1793989.05,1988936.07,1795938.52,1987006.1,1797849.2,1985114.53,1799721.85
RCON5597,31757000,31221000,16422000,14196000,13456000,12500000,10640000,11221000,12834000,12990000,12313000,19286000,20174000,20177000,18625000,21325000,23528000,23232000,21500000,20808000,22975000,23864000,22496000,24189000,26782000,28448000,26919000,27764000,33122000,34087000,39962000,39403000,45266000,42645000,38179000,38215000,40871000,43873000,43202000,44511000,51481000,56067000,46546000,49710000,64428000,68568000,91713000,92118000,94483000,100445000,145624000,120256000,161365000,156831000,157954000,163821000,203154000,174852000,174925000,196290000,172211000,166508000,158552000,152409000,171069000,164840000,164966000,169605000,171804546.1,173510806.3,174834408.4,175861170,176657662.8,177275528.4,177754827.1,178126634.8
RIAD4200,13000,47000,94000,140000,189000,46000,92000,140000,186000,22000,31000,40000,47000,0,0,0,0,0,0,0,0,0,3000,13000,23000,10000,20000,30000,40000,12000,22000,34000,45000,13000,27000,42000,58000,23000,61000,101000,146000,45000,90000,134000,173000,34000,54000,75000,96000,20000,41000,62000,83000,21000,49000,93000,152000,40000,80000,121000,162000,41000,72000,72000,72000,0,0,1000,17188.77,16957.86,16961.16,16961.11,16961.11,16961.11,16961.11,16961.11
RIAD4230,2000,-1000,-1000,0,-1000,-1000,0,1000,2000,0,0,2000,2000,3000,10000,12000,14000,11000,15000,32000,55000,11000,27000,38000,65000,3000,5000,22000,53000,78000,64000,46000,54000,11000,69000,119000,297000,57000,141000,285000,455000,205000,313000,423000,591000,627000,1550000,1532000,1834000,-240000,-253000,-116000,238000,581000,1125000,1547000,2366000,-193000,502000,596000,1173000,288000,624000,1122000,1529000,266000,619000,947000,831869.24,802771.84,795417.95,793559.38,793089.66,792970.94,792940.94,792933.36
RCON6648,11287000,13853000,11800000,10278000,8249000,8034000,8610000,8708000,7332000,6713000,6583000,8106000,10789000,14605000,16819000,19850000,21388000,22631000,22430000,21771000,19610000,19787000,21569000,22329000,23674000,26653000,28708000,30384000,32160000,36259000,42534000,39344000,35355000,32899000,31796000,32932000,36373000,39189000,41215000,39902000,38189000,36780000,38183000,42656000,44207000,45360000,48900000,42837000,37650000,36291000,37957000,37019000,36308000,38421000,46557000,44517000,39721000,37457000,49879000,45435000,59845000,57150000,56509000,61850000,59357000,66369000,66194000,70671000,70288271.11,70412206.51,70372073.71,70385069.52,70380861.21,70382223.95,70381782.67,70381925.56
RCON2202,0,0,0,0,0,0,0,0,0,0,0,0,0,0,0,0,0,0,0,0,0,0,0,0,0,0,0,0,0,0,0,0,0,0,0,0,0,0,0,0,0,0,0,0,0,0,0,0,0,0,0,0,0,0,0,3000,0,2000,4000,3000,0,1000,1000,0,0,0,0,0,137.85,94.64,108.19,103.94,105.27,104.85,104.99,104.94
RCON1764,495000,221000,128000,198000,62000,63000,53000,60000,135000,99000,215000,123000,908000,680000,900000,754000,1051000,1346000,1133000,1489000,1747000,1508000,1952000,2455000,2935000,3100000,3385000,3371000,3287000,4084000,3794000,3753000,3445000,2724000,3000000,3557000,3574000,3941000,4497000,4638000,4566000,4496000,4723000,3788000,4414000,7043000,6610000,5082000,3997000,3852000,3979000,4413000,7225000,7222000,8386000,7788000,7284000,6847000,6153000,7110000,6789000,7050000,6670000,6425000,5442000,6806000,4673000,4678000,4891225.78,5019364.35,5096369.56,5142646.04,5170456.01,5187168.48,5197211.88,5203247.49
RIAD8760,-50000,0,0,0,0,0,0,0,0,0,0,0,0,0,0,0,0,0,0,0,0,0,0,0,0,0,4000,0,0,0,0,0,0,0,0,0,0,0,0,0,0,0,0,0,0,0,0,0,0,0,2000,34000,49000,28000,46000,71000,66000,18000,26000,35000,26000,12000,14000,23000,34000,6000,17000,32000,27912.88,28049.7,28045.12,28045.27,28045.27,28045.27,28045.27,28045.27
RIAD4521,0,0,0,0,0,0,0,0,0,0,0,0,0,0,0,0,0,0,0,0,0,0,0,0,0,0,0,0,0,0,0,0,0,0,0,0,0,0,0,0,0,0,0,0,0,0,0,0,0,0,0,0,-1000,3000,-3000,-4000,-1000,1000,-1000,-3000,1000,0,0,0,-4000,3000,9000,8000,5076.63,4896.31,4885.18,4884.5,4884.45,4884.45,4884.45,4884.45
RIAD4356,10673000,0,0,0,0,0,0,0,0,0,0,0,0,0,0,0,0,0,0,0,0,0,0,0,0,0,0,0,0,0,0,0,0,0,0,0,0,0,0,0,0,0,0,0,0,0,0,0,0,0,0,4043000,4043000,1754000,1754000,1754000,1754000,0,0,0,0,0,0,0,0,0,0,0,0.15,0.16,0.16,0.16,0.16,0.16,0.16,0.16
RCON1420,0,0,0,0,0,0,0,0,0,0,0,0,0,0,0,0,0,0,0,0,0,0,0,52000,52000,51000,50000,49000,48000,47000,47000,55000,55000,55000,0,0,0,0,14000,14000,14000,14000,14000,14000,14000,14000,14000,21000,36000,36000,36000,38000,38000,38000,36000,39000,19000,19000,19000,19000,19000,19000,19000,19000,43000,23000,19000,25000,24682.06,24417.83,24198.23,24015.73,23864.05,23738,23633.24,23546.18
RCON5368,0,0,0,0,0,0,0,0,0,0,0,0,0,0,0,0,0,0,0,0,0,0,0,6000,6000,6000,21000,20000,20000,0,0,0,0,0,0,0,0,0,44000,46000,96000,81000,155000,131000,187000,179000,160000,164000,164000,257000,54000,54000,25000,24000,30000,24000,33000,38000,41000,32000,39000,119000,234000,387000,567000,507000,688000,606000,663878.08,660023.06,660279.83,660262.73,660263.87,660263.79,660263.8,660263.8
RCON5400,0,0,0,0,0,0,0,0,0,0,0,0,0,0,0,0,0,0,0,0,0,0,0,0,0,0,0,0,0,0,0,17000,17000,17000,17000,13000,13000,13000,13000,6000,6000,0,0,0,0,0,0,0,0,2000,2000,2000,1000,1000,0,0,0,1000,1000,2000,3000,5000,2000,6000,5000,6000,6000,1000,1214.25,1204.26,1204.72,1204.7,1204.7,1204.7,1204.7,1204.7
RCON2520,0,0,0,0,0,0,0,0,0,0,0,0,0,0,0,0,0,0,0,0,0,0,0,0,0,0,0,0,0,0,0,0,0,0,0,0,0,0,0,0,0,0,0,0,0,0,0,0,0,0,0,0,0,0,7000,5000,6000,10000,8000,9000,14000,9000,10000,11000,12000,17000,9000,10000,11718.83,12966.46,13872.07,14529.43,15006.57,15352.92,15604.31,15786.79
RCON1754,27000,0,0,0,0,0,0,0,0,0,0,0,0,0,0,0,0,0,0,0,0,0,0,0,0,0,0,0,0,0,0,0,0,0,0,0,0,0,0,0,496000,1496000,1497000,1497000,1497000,1497000,1497000,1498000,998000,998000,998000,998000,498000,498000,3894000,5872000,5877000,7872000,10896000,10920000,12822000,19580000,24096000,31114000,32023000,35584000,33351000,37629000,39604405.73,41509489.97,43346756.05,45118618.22,46827404.74,48475361.01,50064652.5,51597367.6
RIADF557,0,0,0,0,0,0,0,0,0,0,0,0,0,0,0,0,0,0,0,0,0,0,0,0,0,0,0,0,0,0,0,0,53000,11000,23000,35000,58000,23000,0,0,138000,29000,63000,131000,223000,55000,105000,158000,203000,52000,114000,189000,278000,102000,207000,329000,429000,81000,175000,266000,377000,83000,164000,268000,382000,93000,187000,309000,238320.42,260670.28,253602.95,255837.74,255131.07,255354.52,255283.86,255306.21
RIAD4508,8000,2000,4000,6000,7000,0,1000,1000,2000,0,1000,1000,2000,0,1000,1000,2000,0,1000,2000,2000,0,1000,1000,2000,1000,1000,2000,2000,1000,2000,3000,4000,2000,4000,7000,11000,4000,8000,14000,31000,16000,16000,21000,31000,27000,100000,204000,279000,81000,170000,264000,370000,122000,349000,990000,2114000,1476000,3185000,4991000,6848000,1916000,3775000,5676000,7376000,1566000,3154000,4787000,4235125.21,4342127.58,4321381.01,4325403.54,4324623.62,4324774.84,4324745.52,4324751.2
RIAD0497,0,0,0,0,0,0,0,0,0,0,0,0,0,0,0,0,0,0,0,0,0,0,0,0,0,0,0,0,0,0,0,0,30000,20000,47000,76000,111000,56000,0,0,0,0,0,0,0,0,0,0,0,0,0,0,0,0,0,0,0,0,0,0,0,0,0,0,0,0,0,0,-370.05,-624.86,-800.31,-921.12,-1004.31,-1061.59,-1101.04,-1128.2
RCON2530,0,0,0,0,0,0,0,0,0,0,0,0,0,0,0,0,0,0,0,0,0,0,0,0,0,0,0,0,0,0,0,0,0,0,0,0,0,0,0,30000,30000,30000,150000,245000,275000,460000,500000,370000,300000,250000,100000,635000,415000,368000,911000,788000,490000,559000,329000,403000,497000,485000,469000,478000,488000,482000,351000,199000,291578.41,257465.82,270035.37,265403.84,267110.43,266481.6,266713.3,266627.93
RCONF048,349,777,567,573,485,459,431,583,768,701,422,503,497,501,832,850,991,1015,999,1100,1060,1027,968,920,900,956,887,860,741,940,1036,1032,711,654,538,580,661,601,621,644,676,687,687,720,753,817,950,1019,970,812,746,779,748,751,769,879,910,886,1004,1018,989,1029,1018,1046,975,961,1054,1105,1091.62,1082.86,1077.13,1073.38,1070.92,1069.31,1068.26,1067.57
RIAD4180,17000,45000,-13000,-7000,-7000,1000,4000,8000,206000,13000,24000,38000,48000,10000,21000,31000,39000,4000,5000,6000,7000,0,1000,1000,1000,0,-1000,-4000,-2000,5000,10000,14000,15000,9000,21000,37000,48000,14000,28000,46000,78000,40000,114000,198000,270000,58000,62000,68000,72000,2000,2000,-28000,-45000,-15000,-28000,14000,182000,278000,762000,1287000,1781000,517000,1066000,1663000,2253000,583000,1226000,2027000,1639589.22,1739344.61,1713658.34,1720272.36,1718569.3,1719007.83,1718894.91,1718923.99
RIAD4217,20000,2000,4000,8000,11000,2000,5000,8000,11000,3000,6000,8000,9000,1000,2000,4000,4000,1000,2000,2000,3000,1000,3000,4000,6000,1000,3000,4000,6000,2000,5000,8000,11000,4000,7000,11000,15000,12000,21000,30000,49000,17000,38000,62000,66000,18000,31000,46000,67000,21000,31000,72000,99000,31000,58000,87000,120000,33000,68000,99000,135000,34000,63000,101000,129000,34000,67000,107000,84656.62,91586.19,89437.05,90103.59,89896.87,89960.98,89941.1,89947.26
RCONF179,0,0,0,0,0,0,0,0,0,0,0,0,0,0,0,1000,5000,4000,4000,1000,3000,1000,0,0,0,1000,0,0,0,0,0,0,0,0,0,0,0,0,0,0,0,0,0,0,0,0,78000,0,0,0,0,0,0,0,120000,0,0,0,0,0,25000,43000,0,0,0,0,0,0,6389.1,4203.81,4951.26,4695.61,4783.05,4753.14,4763.37,4759.87
RIAD3123,3000,2000,2000,3000,2000,1000,2000,3000,4000,4000,4000,6000,6000,9000,16000,18000,20000,31000,35000,52000,75000,86000,102000,113000,137000,140000,141000,158000,189000,250000,236000,218000,219000,219000,271000,316000,354000,365000,412000,519000,617000,693000,720000,746000,777000,1891000,2541000,2367000,2523000,2196000,2119000,2212000,2481000,2968000,3391000,3640000,4252000,3809000,4158000,3886000,4049000,3969000,3907000,3929000,3903000,3744000,3771000,3803000,3827737.4,3830775.14,3831148.17,3831193.98,3831199.6,3831200.29,3831200.38,3831200.39
RCONC238,0,0,0,0,0,0,0,0,0,0,0,0,0,0,0,0,0,0,0,0,0,0,0,0,0,0,1000,0,0,0,0,0,0,0,0,0,0,0,0,0,9000,2000,6000,2000,2000,2000,3000,3000,4000,8000,1000,1000,0,0,1000,1000,1000,1000,1000,1000,0,0,8000,6000,11000,4000,9000,11000,9832.37,10563.45,10105.7,10392.31,10212.86,10325.21,10254.87,10298.91
RCON3190,16064000,8445000,7518000,6041000,5040000,3794000,3544000,3576000,3589000,2282000,563000,603000,1121000,568000,519000,504000,507000,357000,312000,298000,574000,302000,353000,294000,345000,2779000,1760000,2701000,3181000,3166000,2809000,2819000,2802000,2263000,2244000,2258000,5699000,3163000,2719000,2726000,3338000,3385000,4347000,3841000,3645000,13139000,2115000,2847000,2505000,4015000,3972000,2471000,1528000,3952000,3991000,3865000,4245000,7740000,3830000,9320000,8155000,11123000,19178000,24663000,31260000,26765000,27876000,29178000,30139314.94,30956216.04,31650397.91,32240296.09,32741576.63,33167552.14,33529535.34,33837139.51
RCONF159,0,0,0,13000,23000,23000,26000,25000,14000,15000,15000,13000,13000,13000,13000,13000,36000,36000,82000,302000,460000,600000,634000,596000,693000,761000,749000,848000,884000,618000,662000,533000,543000,535000,832000,1030000,1243000,1409000,1996000,2021000,2058000,2123000,2093000,2012000,2163000,1997000,2028000,2330000,2716000,3015000,3158000,3856000,3696000,3955000,4284000,3137000,2967000,2691000,2687000,2547000,2438000,2631000,2453000,2780000,3307000,3315000,2846000,2893000,2795419.1,2746763.17,2722502.29,2710405.3,2704373.48,2701365.89,2699866.24,2699118.48
RCONC236,0,0,0,1000,0,0,0,0,0,0,0,0,0,0,1000,15000,8000,21000,2000,4000,2000,1000,1000,7000,5000,0,3000,9000,25000,33000,4000,4000,8000,64000,30000,5000,24000,19000,70000,200000,278000,200000,213000,361000,264000,191000,354000,212000,410000,418000,232000,366000,663000,444000,329000,245000,240000,217000,184000,185000,16000,61000,274000,274000,55000,103000,285000,283000,231491.35,242505.05,240150.08,240653.62,240545.95,240568.97,240564.05,240565.1
RIADC890,261000,-18000,58000,186000,81000,52000,340000,291000,373000,115000,274000,659000,690000,-481000,-281000,-663000,-884000,-209000,-334000,-451000,-639000,-67000,-138000,-154000,-109000,-79000,-62000,138000,213000,-29000,-82000,-294000,-327000,-139000,-186000,-268000,-254000,66000,18000,-121000,-67000,-180000,-181000,-214000,-262000,389000,224000,136000,-54000,-59000,-242000,-360000,-440000,45000,322000,132000,-206000,-263000,-418000,-502000,-747000,-177000,-252000,-227000,-410000,-37000,-124000,-134000,-154386.73,-164966.15,-170456.2,-173305.19,-174783.63,-175550.85,-175948.99,-176155.59
RCONB538,0,0,0,0,0,0,0,0,0,0,0,0,0,0,0,0,0,0,0,0,0,0,0,0,0,0,0,0,0,0,0,0,0,0,0,0,0,0,0,0,0,0,15000,736000,1858000,2081000,2282000,2908000,4270000,4376000,5210000,6251000,8212000,10472000,11730000,13580000,15703000,15444000,16747000,17741000,19206000,18634000,19166000,19749000,21255000,20355000,20770000,20017000,20044181.69,20069530.27,20093169.36,20115214.26,20135772.46,20154944.24,20172823.09,20189496.2
RCON2365,11287000,18147000,16170000,16934000,15049000,14674000,15886000,16363000,15296000,14694000,15140000,16975000,20084000,23839000,30639000,33406000,37396000,38068000,38326000,38108000,35154000,34546000,36283000,37499000,40681000,44287000,45848000,48369000,49623000,53570000,59018000,55708000,52312000,50210000,48013000,48667000,51706000,54241000,55838000,55211000,53031000,51395000,53740000,58340000,60994000,63041000,69099000,60708000,56308000,55466000,64694000,66976000,76863000,89017000,107116000,92433000,76228000,67211000,72419000,63093000,76574000,70893000,70295000,74070000,70241000,76809000,80638000,81257000,81292510.54,81261064.8,81288911.02,81264252.29,81286088.39,81266751.82,81283874.98,81268711.87
RCONB995,9671000,17475000,17935000,17815000,4521000,4016000,11524000,12359000,9180000,10642000,14682000,16754000,15275000,13508000,16745000,19115000,15072000,8678000,7589000,9868000,6983000,5948000,7925000,5031000,6578000,7508000,7657000,5681000,3425000,5484000,3319000,3111000,309000,57000,3013000,1039000,56000,49000,782000,790000,3814000,1711000,5982000,10218000,9890000,2823000,7134000,5529000,1239000,88000,1538000,97000,2000,278000,229000,1376000,12000,0,5660000,8988000,1659000,9397000,8602000,2614000,8474000,565000,26000,3011000,2843160.09,2868633.1,2864767.07,2865353.82,2865264.77,2865278.28,2865276.23,2865276.54
RIADC233,0,0,0,0,0,0,0,0,0,0,0,0,0,0,0,0,0,0,0,0,0,0,0,0,0,0,0,0,0,0,0,0,0,0,0,0,0,0,0,0,0,0,0,0,0,591000,591000,591000,591000,0,0,0,-1000,3000,-3000,-4000,-1000,1000,-1000,-3000,1000,0,-1000,0,-4000,3000,9000,8000,7825.51,7824.58,7824.57,7824.57,7824.57,7824.57,7824.57,7824.57
RCON6835,345000,774000,606000,607000,550000,545000,1421000,3150000,3205000,3035000,3117000,3198000,3347000,3308000,5389000,5267000,6444000,6553000,7117000,7697000,7242000,6816000,6905000,7068000,7244000,7311000,7011000,7287000,7292000,7104000,7279000,6932000,6392000,6283000,7023000,7205000,7192000,7071000,7070000,7302000,7841000,7976000,8163000,8045000,8096000,8103000,9757000,10310000,10717000,10576000,12389000,13008000,13779000,15548000,18764000,17141000,16611000,13793000,11355000,11707000,11368000,11177000,10517000,10765000,10245000,9802000,10007000,9659000,9643369.99,9640475.28,9639939.17,9639839.88,9639821.49,9639818.08,9639817.45,9639817.34
RIADB486,6000,1000,2000,3000,4000,1000,2000,3000,4000,1000,2000,4000,5000,2000,4000,5000,8000,2000,5000,8000,12000,3000,9000,13000,18000,6000,13000,19000,28000,11000,24000,36000,62000,36000,82000,145000,232000,96000,209000,348000,519000,171000,360000,524000,683000,185000,325000,465000,598000,127000,251000,374000,503000,156000,313000,523000,775000,271000,581000,845000,1035000,185000,326000,510000,653000,156000,111000,165000,293896.65,284337.11,285046.09,284993.51,284997.41,284997.12,284997.14,284997.14
RIADF553,-278000,393000,328000,521000,697000,52000,-238000,-51000,31000,20000,-184000,-744000,-849000,335000,3000,592000,511000,181000,236000,60000,68000,-2000,79000,65000,400000,183000,156000,416000,382000,-142000,-253000,-216000,-82000,-52000,-115000,-199000,-281000,81000,95000,96000,193000,-194000,-362000,-519000,-625000,15000,-145000,-205000,-438000,-24000,-214000,-249000,-391000,157000,403000,482000,357000,-245000,-431000,-434000,-392000,-188000,-284000,-1001000,-1478000,284000,-216000,-650000,-458429.21,-413963.38,-403642.34,-401246.7,-400690.65,-400561.58,-400531.62,-400524.67
RIAD4462,159000,0,0,0,0,0,0,0,0,0,0,0,0,0,0,0,0,0,0,0,0,0,0,0,0,0,0,0,0,0,0,0,0,0,0,0,0,0,211000,309000,414000,33000,136000,301000,362000,112000,258000,392000,525000,131000,305000,469000,629000,158000,395000,626000,744000,108000,336000,577000,750000,228000,469000,717000,983000,240000,415000,689000,565873.67,597497.66,589375.3,591461.46,590925.65,591063.27,591027.92,591037
RCONA569,11000,9000,10000,21000,27000,31000,49000,57000,62000,80000,87000,94000,101000,107000,108000,120000,114000,177000,223000,307000,267000,279000,305000,331000,335000,358000,449000,417000,462000,479000,522000,526000,537000,569000,562000,543000,526000,207000,1203000,3012000,2476000,2572000,3233000,3023000,3412000,3398000,2847000,2432000,2930000,3222000,3792000,4986000,7339000,6560000,5229000,4552000,4404000,4161000,3379000,3576000,4001000,4444000,4550000,4761000,5600000,4821000,4657000,4889000,4854573.34,4836722.65,4827466.81,4822667.54,4820179.04,4818888.73,4818219.68,4817872.77
RCON3501,0,0,0,0,0,0,0,0,0,0,0,0,0,1000,2000,0,0,0,0,0,0,4000,2000,3000,3000,0,0,0,0,0,0,0,0,0,0,0,0,0,0,0,0,0,0,3000,0,0,4000,1000,0,0,0,0,0,0,0,0,148000,148000,149000,147000,0,0,0,0,0,0,0,56000,73744.87,62806.95,69549.07,65393.24,67954.89,66375.89,67349.18,66749.24
RIAD3196,0,0,0,0,0,0,0,0,0,0,0,0,0,0,0,0,0,0,0,0,0,0,0,0,0,0,0,0,0,0,0,0,0,0,0,0,0,1000,1000,1000,1000,0,0,0,0,0,0,0,0,77000,80000,85000,85000,0,0,0,0,0,0,0,0,1000,-4000,-26000,-24000,-4000,-29000,-36000,-28663.61,-33398.36,-30342.65,-32314.74,-31042,-31863.4,-31333.28,-31675.41
RIAD4605,0,0,0,0,0,0,0,0,0,0,0,0,0,0,0,0,0,0,0,0,0,0,0,0,0,0,0,0,0,0,0,0,0,0,0,0,0,5000,5000,6000,7000,3000,5000,9000,15000,7000,14000,23000,43000,25000,47000,68000,108000,26000,53000,73000,104000,35000,62000,89000,125000,26000,59000,86000,119000,40000,84000,129000,91663.85,100771.96,98550.05,99092.08,98959.85,98992.11,98984.24,98986.16
RIAD4644,0,0,0,0,0,0,0,0,0,0,0,0,0,0,0,0,0,0,0,0,0,0,0,0,3000,0,1000,1000,1000,0,0,0,0,0,0,0,128000,3000,5000,5000,17000,0,1000,1000,8000,0,26000,36000,36000,4000,4000,4000,23000,0,0,0,0,0,5000,5000,21000,0,7000,7000,30000,0,0,0,7149.47,7007.28,7010.11,7010.05,7010.05,7010.05,7010.05,7010.05
RCONF158,0,0,0,0,0,0,0,21000,15000,9000,7000,5000,10000,12000,14000,15000,16000,19000,17000,32000,33000,34000,35000,90000,95000,110000,102000,66000,37000,65000,82000,81000,73000,73000,20000,40000,20000,620000,631000,631000,706000,691000,678000,680000,709000,747000,664000,644000,643000,639000,673000,687000,69000,70000,73000,43000,48000,45000,42000,51000,31000,31000,58000,83000,125000,290000,347000,359000,359366.46,359190,359274.97,359234.06,359253.76,359244.27,359248.84,359246.64
RCONA568,159000,136000,135000,190000,155000,173000,166000,168000,182000,236000,296000,330000,424000,477000,534000,602000,767000,734000,908000,1324000,1529000,1629000,1748000,1879000,1930000,2084000,2200000,2563000,2649000,2859000,3011000,3102000,3638000,3211000,3117000,2937000,3014000,2970000,2774000,2651000,2746000,2749000,2960000,3121000,3394000,3308000,3670000,3810000,4252000,4616000,5038000,5478000,5771000,5863000,6079000,5965000,5807000,5753000,5648000,5385000,5080000,4753000,4665000,4509000,4558000,4488000,4471000,4078000,3963705.77,3869693.51,3792364.12,3728757.14,3676437.48,3633402.16,3598003.63,3568886.72
RCON5398,0,0,0,0,0,0,0,0,0,0,0,0,0,0,0,0,0,0,0,0,0,0,0,0,0,0,0,0,0,0,0,0,0,0,0,0,0,0,0,0,0,0,0,0,0,0,0,0,0,1000,0,1000,0,1000,1000,1000,2000,3000,4000,4000,6000,10000,13000,31000,8000,8000,21000,14000,15556.25,14419.03,15250.04,14642.79,15086.53,14762.27,14999.22,14826.07
RIAD4518,239000,137000,227000,278000,312000,25000,48000,65000,101000,61000,88000,124000,170000,56000,125000,171000,210000,51000,96000,131000,198000,48000,64000,76000,131000,20000,36000,43000,60000,29000,73000,105000,134000,39000,92000,147000,201000,59000,136000,206000,316000,124000,335000,624000,793000,120000,136000,150000,162000,28000,65000,156000,227000,114000,395000,846000,1700000,748000,1661000,2528000,3350000,691000,1386000,1991000,2575000,514000,1031000,1387000,1372438.19,1373681.84,1373575.63,1373584.7,1373583.92,1373583.99,1373583.98,1373583.99
