quarter,RIAD4652,RCONB550,RIAD4460,RCON3485,RCONB563,RIAD4020,RCON5370,RIAD8757,RIAD4646,RCON2210,RCON6636,RIAD4415,RIAD4093,RIAD4300,RCON2107,RIAD4074,RCON0090,RIAD4010,RIAD3217,RIADB508,RCON9999,RCON2200,RIAD4313,RIADB497,RIAD4092,RIAD4107,RCON2385,RIAD4135,RCONB562,RIAD4185,RIAD4635,RIAD8759,RIADA220,RCON1545,RCON3360,RIAD4060,RCON1763,RIADB489,RCON5510,RIAD4301,RIAD4507,RCON3387,RCONB549,RIAD4079,RCON0010,RIADB485,RIADB515,RIAD4340,RCONA564,RIAD4302,RIAD4115,RCON6631,RIAD4150,RIADB522,RIAD0093,RIAD5416,RCON2122,RIADB511,RIAD3210,RIAD4073,RCON6810,RCON2215,RCONA565,RIAD8758,RCON1797,RIAD4012,RIADB488,RCON1460,RCON5367,RCON5597,RIAD4200,RIAD4230,RCON6648,RCON1764,RIAD4508,RIAD4080,RIAD4180,RIAD4217,RIAD3123,RCON2365,RCON6835,RIADB486,RCONA569,RIAD3196,RIAD4605,RIAD4644,RIAD4518,nn_score,lof_score,ensemble_score,nn_anomaly,lof_anomaly,is_anomaly,is_anomaly_adaptive,reconstruction_error,anomaly_score
03/31/2001,0.0,463156.0,0.0,55941.0,527123.0,140.0,0.0,0.0,0.0,794.0,532040.0,-135000.0,2801.0,4182.0,0.0,3434.0,6.0,915.0,201987.0,201987.0,20010331.0,532834.0,0.0,17.0,2626.0,11094.0,463156.0,155.0,453.0,1.0,1044.0,0.0,0.0,0.0,35897.0,10039.0,520.0,0.0,0.0,6774.0,2.0,521.0,69678.0,7149.0,3759.0,809.0,38.0,4182.0,0.0,2592.0,0.0,794.0,10.0,2398.0,6884.0,0.0,34312.0,0.0,71169.0,7660.0,455322.0,69678.0,323.0,0.0,753.0,9.0,0.0,0.0,4029.0,0.0,0.0,1008.0,5947.0,0.0,682.0,4.0,0.0,20.0,2400.0,522737.0,1915.0,9.0,2583.0,0.0,38.0,0.0,0.0,0.028597133062090975,0.3659450188768206,0.16353628738798281,False,False,False,False,1011977292.8177233,0.16353628738798281
06/30/2001,0.0,425680.0,0.0,51760.0,468034.0,159.0,0.0,0.0,0.0,799.0,500037.0,-135000.0,3190.0,3616.0,0.0,4543.0,804.0,1063.0,201987.0,201987.0,20010630.0,500836.0,0.0,66.0,2876.0,17522.0,425680.0,277.0,388.0,1.0,1046.0,0.0,0.0,0.0,5544.0,16300.0,689.0,0.0,0.0,5857.0,4.0,607.0,75156.0,5496.0,1096.0,854.0,56.0,3616.0,0.0,2241.0,0.0,799.0,7.0,2398.0,11619.0,-1702.0,5605.0,0.0,70603.0,12979.0,419432.0,75156.0,321.0,0.0,733.0,19.0,0.0,0.0,3793.0,0.0,0.0,992.0,4497.0,0.0,1186.0,6.0,1.0,37.0,87.0,490730.0,1859.0,18.0,2325.0,0.0,56.0,0.0,0.0,0.02859660175586434,0.37002043966648107,0.16516613692011103,False,False,False,False,1011959221.0033219,0.16516613692011103
09/30/2001,0.0,525840.0,0.0,44333.0,451596.0,512.0,0.0,0.0,0.0,458.0,583900.0,1265000.0,3698.0,17901.0,0.0,25243.0,964.0,14170.0,201987.0,201987.0,20010930.0,584358.0,0.0,104.0,3113.0,50178.0,525840.0,448.0,382.0,225.0,1046.0,0.0,4818.0,0.0,881826.0,25557.0,729134.0,0.0,0.0,28993.0,4.0,792239.0,58518.0,8428.0,1515.0,856.0,68.0,17901.0,0.0,11092.0,0.0,458.0,11.0,2398.0,15216.0,-3810.0,916988.0,0.0,1484888.0,24935.0,453144.0,58518.0,0.0,0.0,0.0,13038.0,0.0,0.0,158.0,182465.0,7265.0,980.0,0.0,2464.0,1551.0,9.0,1.0,137.0,25.0,583650.0,0.0,26.0,0.0,0.0,68.0,0.0,0.0,0.028547108309871748,0.607332824513698,0.2600613947914023,False,False,False,False,1010275754.246814,0.2600613947914023
12/31/2001,0.0,1786829.0,135000.0,63199.0,534422.0,875.0,0.0,0.0,0.0,318.0,2044643.0,1400000.0,5253.0,26856.0,0.0,40729.0,1658.0,23782.0,201987.0,201987.0,20011231.0,2044961.0,0.0,1313.0,4279.0,74823.0,1786829.0,699.0,0.0,324.0,1059.0,0.0,9316.0,0.0,759651.0,33966.0,576987.0,0.0,0.0,45732.0,8.0,566834.0,258132.0,11245.0,2097.0,856.0,71.0,26856.0,0.0,18876.0,0.0,318.0,12.0,2398.0,17677.0,-6700.0,842098.0,0.0,1493843.0,34094.0,1664742.0,258132.0,0.0,0.0,0.0,22644.0,0.0,0.0,143.0,803660.0,12800.0,989.0,0.0,2463.0,1839.0,9.0,1.0,275.0,24.0,2044393.0,0.0,26.0,143.0,0.0,71.0,0.0,2.0,0.004254882757927695,4.136055856457634,1.6569752722378104,False,False,False,False,184001621.619025,1.6569752722378104
03/31/2002,0.0,581473.0,0.0,59765.0,620760.0,226.0,0.0,0.0,0.0,351.0,654771.0,0.0,4201.0,9627.0,0.0,15768.0,2094.0,16269.0,1493843.0,1493843.0,20020331.0,655122.0,0.0,1214.0,3928.0,22966.0,581473.0,195.0,0.0,0.0,0.0,0.0,0.0,0.0,1371800.0,6459.0,455772.0,5.0,0.0,14748.0,2.0,479925.0,73649.0,3619.0,2232.0,0.0,4.0,9627.0,0.0,5121.0,0.0,351.0,10.0,24.0,1874.0,2405.0,1530486.0,0.0,1503470.0,7198.0,460355.0,73649.0,0.0,0.0,0.0,7266.0,0.0,0.0,142.0,206148.0,4498.0,438.0,0.0,7140.0,179.0,0.0,0.0,78.0,466.0,654521.0,0.0,0.0,142.0,0.0,4.0,0.0,7.0,0.02852153268802115,0.0006856645929723422,0.017387185450001626,False,False,False,False,1009405826.7584562,0.017387185450001626
06/30/2002,0.0,556773.0,0.0,47178.0,470966.0,481.0,0.0,0.0,0.0,307.0,624298.0,0.0,12749.0,2706.0,0.0,27010.0,1448.0,31040.0,1493843.0,1493843.0,20020630.0,624605.0,0.0,1956.0,12216.0,43052.0,556773.0,395.0,0.0,16.0,0.0,0.0,0.0,0.0,1605929.0,11445.0,197376.0,14.0,0.0,4512.0,7.0,302218.0,67832.0,-7730.0,2619.0,0.0,6.0,2706.0,0.0,1806.0,2.0,307.0,9.0,24.0,3456.0,-9686.0,1710333.0,0.0,1496549.0,16042.0,432625.0,67832.0,0.0,0.0,0.0,13951.0,0.0,0.0,142.0,186324.0,10931.0,2019.0,0.0,4385.0,345.0,0.0,0.0,138.0,2049.0,624298.0,0.0,0.0,142.0,0.0,6.0,0.0,70.0,0.028521431712028315,0.0018408376316884055,0.01784919407989235,False,False,False,False,1009402392.1678003,0.01784919407989235
09/30/2002,0.0,557580.0,0.0,50288.0,456044.0,772.0,0.0,0.0,0.0,260.0,629162.0,0.0,17568.0,-7649.0,0.0,50789.0,3247.0,57525.0,1493843.0,1493843.0,20020930.0,629422.0,0.0,3481.0,16616.0,74578.0,557580.0,736.0,0.0,38.0,0.0,0.0,0.0,0.0,1701584.0,15890.0,139101.0,272.0,0.0,-12757.0,19.0,197795.0,71842.0,-43637.0,3580.0,0.0,8.0,-7649.0,0.0,-5108.0,5.0,260.0,12.0,24.0,5003.0,-47118.0,1510685.0,9.0,1486203.0,23789.0,429237.0,71842.0,0.0,0.0,0.0,15281.0,0.0,0.0,141.0,181215.0,16307.0,2341.0,0.0,3265.0,515.0,0.0,0.0,216.0,2373.0,629161.0,0.0,0.0,141.0,0.0,8.0,0.0,114.0,0.02852131294982117,0.0051647352560943134,0.019178681872330426,False,False,False,False,1009398352.5980421,0.019178681872330426
12/31/2002,0.0,1748146.0,0.0,61270.0,516281.0,1032.0,0.0,0.0,0.0,198.0,1993961.0,0.0,28483.0,33760.0,0.0,68167.0,1955.0,73165.0,1493843.0,1493843.0,20021231.0,1994159.0,0.0,18239.0,26935.0,96330.0,1748146.0,1207.0,0.0,65.0,0.0,0.0,0.0,0.0,1593761.0,21025.0,250685.0,743.0,0.0,51027.0,31.0,222185.0,246013.0,16699.0,2063.0,0.0,9.0,33760.0,0.0,17267.0,6.0,198.0,13.0,24.0,6478.0,-1540.0,1633821.0,0.0,1527603.0,28163.0,1619689.0,246013.0,0.0,0.0,0.0,20095.0,0.0,0.0,141.0,791902.0,18416.0,5356.0,0.0,11314.0,684.0,0.0,0.0,341.0,5389.0,1993961.0,0.0,0.0,141.0,0.0,9.0,0.0,359.0,0.028521252866479066,0.006858528235227539,0.019856163013978457,False,False,False,False,1009396308.9272687,0.019856163013978457
03/31/2003,0.0,566730.0,0.0,73318.0,614319.0,540.0,0.0,0.0,0.0,176.0,648059.0,0.0,5258.0,24211.0,0.0,8658.0,3712.0,8426.0,1527603.0,1527603.0,20030331.0,648235.0,0.0,19817.0,4785.0,14253.0,566730.0,398.0,0.0,214.0,0.0,0.0,0.0,0.0,1305444.0,4835.0,339845.0,393.0,0.0,40836.0,15.0,289752.0,81505.0,37438.0,30615.0,0.0,9.0,24211.0,0.0,16625.0,1.0,176.0,14.0,5389.0,1177.0,17621.0,1496193.0,0.0,1551814.0,5595.0,438324.0,81505.0,0.0,0.0,0.0,8423.0,0.0,0.0,141.0,185492.0,3577.0,2.0,0.0,14500.0,137.0,0.0,0.0,75.0,5400.0,648059.0,0.0,0.0,141.0,0.0,9.0,0.0,58.0,0.02852130633531655,0.006841682884032531,0.019849456954802943,False,False,False,False,1009398127.612725,0.019849456954802943
06/30/2003,0.0,565523.0,0.0,58386.0,470578.0,937.0,0.0,0.0,0.0,127.0,643910.0,0.0,9998.0,49373.0,0.0,21831.0,2877.0,22928.0,1527603.0,1527603.0,20030630.0,644037.0,0.0,43185.0,9047.0,32459.0,565523.0,800.0,0.0,196.0,0.0,0.0,0.0,0.0,1821029.0,7692.0,341717.0,786.0,0.0,82844.0,34.0,495825.0,78514.0,70987.0,7117.0,0.0,22.0,49373.0,0.0,33471.0,3.0,127.0,14.0,5389.0,2172.0,27802.0,2129846.0,0.0,1576976.0,10628.0,436905.0,78514.0,0.0,0.0,0.0,22924.0,0.0,0.0,0.0,194381.0,7050.0,-24.0,0.0,201747.0,261.0,0.0,0.0,151.0,5387.0,643910.0,0.0,0.0,0.0,0.0,22.0,0.0,113.0,0.028520691613154684,0.02678529752619747,0.0278265339783718,False,False,False,False,1009377218.4942906,0.0278265339783718
09/30/2003,0.0,530529.0,0.0,54864.0,464976.0,1387.0,0.0,0.0,0.0,114.0,610702.0,0.0,14401.0,68318.0,0.0,27421.0,3748.0,30782.0,1527603.0,1527603.0,20030930.0,610816.0,0.0,71434.0,13011.0,42887.0,530529.0,1168.0,0.0,266.0,0.0,0.0,0.0,0.0,2180968.0,9410.0,229670.0,1147.0,0.0,114132.0,57.0,614536.0,80287.0,101087.0,4660.0,0.0,23.0,68318.0,0.0,45814.0,6.0,114.0,15.0,5389.0,2875.0,29653.0,2196487.0,-11.0,1595910.0,15466.0,414708.0,80287.0,0.0,0.0,0.0,30778.0,0.0,0.0,0.0,192357.0,10172.0,-25.0,0.0,226142.0,363.0,0.0,441.0,222.0,5387.0,610702.0,0.0,0.0,0.0,0.0,23.0,0.0,155.0,0.028520548262463793,0.028516237669816757,0.028518824025404982,False,False,False,False,1009372342.5734936,0.028518824025404982
12/31/2003,0.0,1534939.0,0.0,73416.0,583752.0,1815.0,0.0,0.0,0.0,68.0,1781910.0,0.0,22244.0,96864.0,0.0,38152.0,1820.0,44752.0,1527603.0,1527603.0,20031231.0,1781978.0,0.0,122524.0,20442.0,60100.0,1534939.0,1516.0,0.0,604.0,0.0,0.0,0.0,0.0,2197783.0,11810.0,225763.0,1503.0,0.0,159514.0,86.0,661754.0,247039.0,143581.0,3261.0,0.0,23.0,96864.0,0.0,62650.0,14.0,68.0,15.0,5389.0,3644.0,21057.0,2323872.0,-29.0,1624438.0,21948.0,1420312.0,247039.0,0.0,0.0,0.0,44748.0,0.0,0.0,0.0,722518.0,13603.0,-25.0,0.0,622930.0,475.0,0.0,1896.0,286.0,5387.0,1781910.0,0.0,0.0,0.0,0.0,23.0,0.0,206.0,0.028520308743957796,0.028123943445479926,0.028361762624566647,False,False,False,False,1009364195.6070753,0.028361762624566647
03/31/2004,0.0,531855.0,100000.0,58840.0,603883.0,440.0,0.0,0.0,0.0,214.0,606174.0,0.0,5195.0,7161.0,0.0,13219.0,2773.0,19349.0,1624438.0,1624438.0,20040331.0,606388.0,0.0,18360.0,4680.0,22069.0,531855.0,445.0,0.0,2426.0,0.0,0.0,0.0,0.0,2924090.0,1871.0,196403.0,369.0,0.0,11810.0,34.0,880889.0,74533.0,3786.0,4826.0,0.0,0.0,7161.0,0.0,4649.0,1.0,214.0,16.0,5387.0,795.0,-14574.0,2934922.0,24.0,1531623.0,8850.0,417344.0,74533.0,0.0,0.0,0.0,9856.0,0.0,0.0,0.0,194957.0,3269.0,0.0,0.0,381051.0,91.0,0.0,1899.0,70.0,5387.0,606174.0,0.0,0.0,0.0,0.0,0.0,0.0,39.0,1.4045196202279534e-07,48.101587183494054,19.240634957668803,False,False,False,False,39281101.84206285,19.240634957668803
06/30/2004,0.0,626316.0,100000.0,52300.0,523774.0,866.0,0.0,0.0,0.0,38.0,699175.0,0.0,8646.0,26692.0,0.0,24798.0,1587.0,36528.0,1624438.0,1624438.0,20040630.0,699213.0,0.0,69083.0,7581.0,42144.0,626316.0,908.0,0.0,4347.0,0.0,0.0,956.0,0.0,3118837.0,3604.0,236119.0,722.0,0.0,43923.0,75.0,388806.0,72897.0,27771.0,2940.0,0.0,0.0,26692.0,0.0,17231.0,4.0,38.0,18.0,5387.0,1439.0,-42268.0,2235957.0,-34.0,1551096.0,17346.0,404139.0,72897.0,0.0,0.0,0.0,13252.0,0.0,0.0,0.0,192142.0,5469.0,0.0,0.0,108240.0,176.0,0.0,4840.0,157.0,5387.0,699175.0,0.0,0.0,0.0,0.0,0.0,0.0,92.0,1.1090289515825076e-07,48.101587195947175,19.240634944920608,False,False,False,False,39280096.762081966,19.240634944920608
09/30/2004,0.0,669902.0,100000.0,46809.0,498074.0,1513.0,0.0,0.0,0.0,39.0,734204.0,0.0,13563.0,54009.0,0.0,38298.0,823.0,56387.0,1624438.0,1624438.0,20040930.0,734243.0,0.0,103105.0,11915.0,66095.0,669902.0,1415.0,0.0,5599.0,0.0,0.0,3675.0,0.0,2890094.0,5886.0,375694.0,1166.0,0.0,90145.0,124.0,523548.0,64341.0,65410.0,12695.0,0.0,0.0,54009.0,0.0,36136.0,6.0,39.0,20.0,5387.0,2374.0,-41370.0,2957990.0,83.0,1578530.0,27797.0,369421.0,64341.0,0.0,0.0,0.0,16800.0,0.0,0.0,0.0,156102.0,10456.0,0.0,0.0,362864.0,388.0,0.0,7585.0,233.0,5387.0,734204.0,0.0,0.0,0.0,0.0,0.0,0.0,142.0,8.20333233157277e-08,46.57763157035723,18.631052677362888,False,False,False,False,39279114.79439924,18.631052677362888
12/31/2004,0.0,1645229.0,100000.0,60094.0,971624.0,2086.0,0.0,0.0,0.0,23.0,1955203.0,0.0,24134.0,88223.0,0.0,57433.0,1170.0,88915.0,1624438.0,1624438.0,20041231.0,1955226.0,0.0,150579.0,21872.0,103488.0,1645229.0,1948.0,0.0,10546.0,0.0,0.0,4632.0,0.0,3807049.0,8961.0,763680.0,1621.0,0.0,145927.0,175.0,1028770.0,309997.0,112627.0,8080.0,0.0,1.0,88223.0,0.0,57704.0,11.0,23.0,23.0,5387.0,4120.0,-42584.0,3672714.0,59.0,1612720.0,46055.0,1339760.0,309997.0,0.0,0.0,0.0,25058.0,0.0,2250.0,162.0,752384.0,15064.0,-1.0,0.0,549894.0,701.0,0.0,12834.0,314.0,5387.0,1955203.0,0.0,0.0,162.0,0.0,1.0,0.0,207.0,0.0,44.06243031824305,17.624972127297223,False,False,False,False,39276324.518435255,17.624972127297223
03/31/2005,0.0,1543992.0,0.0,53338.0,786400.0,1970.0,0.0,539.0,0.0,113.0,1619797.0,0.0,6220.0,19413.0,0.0,20927.0,1950.0,38659.0,1612720.0,1612720.0,20050331.0,1619910.0,0.0,26397.0,5509.0,44788.0,1543992.0,633.0,0.0,11405.0,0.0,0.0,539.0,0.0,4177676.0,3367.0,807385.0,523.0,0.0,32066.0,52.0,1368221.0,75918.0,17358.0,7831.0,0.0,1.0,19413.0,0.0,12653.0,1.0,113.0,23.0,5387.0,2601.0,-9578.0,3566724.0,-57.0,1632076.0,23861.0,538172.0,75918.0,0.0,0.0,0.0,10889.0,0.0,2752.0,161.0,678087.0,5322.0,-1.0,0.0,607733.0,319.0,0.0,0.0,78.0,5387.0,1619797.0,0.0,0.0,161.0,0.0,1.0,0.0,84.0,0.028521564987351658,0.00012860509501795458,0.017164381030418178,False,False,False,False,1009406925.3857205,0.017164381030418178
06/30/2005,0.0,1389946.0,75000.0,54123.0,603280.0,4747.0,0.0,842.0,0.0,12.0,1469274.0,0.0,7094.0,38352.0,0.0,44816.0,889.0,82782.0,1612720.0,1612720.0,20050630.0,1469286.0,0.0,83454.0,5696.0,96920.0,1389946.0,1232.0,0.0,23314.0,0.0,0.0,842.0,0.0,4341137.0,7904.0,901523.0,1076.0,0.0,63373.0,108.0,1528858.0,79340.0,25650.0,15705.0,0.0,1.0,38352.0,0.0,25021.0,6.0,12.0,23.0,5387.0,5147.0,-58646.0,4515881.0,27.0,1576099.0,52104.0,492020.0,79340.0,0.0,0.0,0.0,25205.0,0.0,2528.0,161.0,499871.0,11540.0,-1.0,0.0,532699.0,708.0,0.0,0.0,166.0,5387.0,1350774.0,0.0,0.0,161.0,0.0,1.0,0.0,221.0,0.001476705942861151,43.953426594083076,17.582256661198947,False,False,False,False,89504901.53682424,17.582256661198947
09/30/2005,0.0,2808910.0,75000.0,52566.0,888842.0,7821.0,0.0,969.0,0.0,2.0,2888806.0,0.0,11158.0,69049.0,0.0,73533.0,991.0,143902.0,1612720.0,1612720.0,20050930.0,2888808.0,0.0,122295.0,9110.0,167639.0,2808910.0,1793.0,0.0,42308.0,0.0,0.0,969.0,0.0,5288634.0,13326.0,730040.0,1560.0,0.0,113793.0,166.0,1450399.0,79898.0,51191.0,1832.0,0.0,1.0,69049.0,0.0,44744.0,19.0,2.0,23.0,5387.0,8152.0,-72073.0,4841302.0,-56.0,1606713.0,94106.0,455211.0,79898.0,0.0,0.0,0.0,39396.0,0.0,2610.0,160.0,1660250.0,18447.0,-1.0,0.0,642686.0,1148.0,0.0,0.0,255.0,5387.0,2783326.0,0.0,0.0,160.0,0.0,1.0,0.0,442.0,0.0014766740222217415,43.95342659723898,17.582256643308924,False,False,False,False,89503815.79033367,17.582256643308924
12/31/2005,0.0,5527333.0,75000.0,82822.0,2559730.0,11226.0,0.0,1057.0,0.0,6.0,5659427.0,0.0,15918.0,106450.0,0.0,109162.0,10667.0,220521.0,1612720.0,1612720.0,20051231.0,5659433.0,0.0,167841.0,13037.0,258143.0,5527333.0,2535.0,0.0,63328.0,0.0,0.0,1057.0,0.0,6292540.0,18444.0,823744.0,1670.0,0.0,176257.0,228.0,1762193.0,132100.0,78589.0,15150.0,0.0,2.0,106450.0,496.0,69807.0,54.0,6.0,23.0,5387.0,20253.0,-90309.0,6712286.0,-71.0,1644099.0,148981.0,4675968.0,132100.0,0.0,0.0,0.0,57999.0,0.0,2198.0,656.0,1959801.0,26197.0,-4198.0,0.0,1652453.0,1904.0,0.0,0.0,346.0,1191.0,5559831.0,0.0,0.0,159.0,0.0,2.0,0.0,748.0,0.001476606429510547,42.29460423990372,16.918727659819194,False,False,False,False,89501516.69638303,16.918727659819194
03/31/2006,0.0,7511305.0,0.0,136714.0,6712204.0,18314.0,0.0,618.0,0.0,3.0,7702473.0,0.0,4173.0,48255.0,0.0,53606.0,11543.0,100834.0,1644099.0,1644099.0,20060331.0,7702476.0,0.0,32184.0,3509.0,137749.0,7511305.0,574.0,0.0,5118.0,0.0,0.0,618.0,0.0,8218960.0,201.0,1073765.0,167.0,0.0,79885.0,64.0,2177088.0,191171.0,30452.0,21498.0,0.0,0.0,48255.0,555688.0,31630.0,16.0,3.0,24.0,1191.0,60620.0,-2350.0,9039515.0,-147.0,1692207.0,84143.0,7090166.0,191171.0,0.0,0.0,0.0,25740.0,0.0,254145.0,555847.0,2011161.0,8279.0,0.0,0.0,1303166.0,1286.0,0.0,0.0,90.0,1191.0,7653413.0,0.0,0.0,159.0,0.0,0.0,0.0,12261.0,0.028679118461017297,0.6547970592434434,0.27912629477398776,False,False,False,False,1014765938.6847368,0.27912629477398776
06/30/2006,0.0,8585139.0,0.0,160754.0,8104313.0,29227.0,0.0,905.0,0.0,56.0,8781147.0,200000.0,8632.0,96195.0,0.0,128186.0,14208.0,234585.0,1644099.0,1644099.0,20060630.0,8781203.0,0.0,96143.0,7124.0,314873.0,8585139.0,1331.0,0.0,12763.0,0.0,0.0,905.0,0.0,10216798.0,411.0,1341225.0,369.0,0.0,162137.0,136.0,2596849.0,196064.0,44315.0,23037.0,0.0,0.0,96195.0,319122.0,65942.0,33.0,56.0,32.0,1191.0,141592.0,-52733.0,10914061.0,-244.0,1940050.0,186687.0,8225601.0,196064.0,301.0,0.0,0.0,61680.0,0.0,260702.0,319581.0,2328824.0,17349.0,1732.0,0.0,1643601.0,2945.0,0.0,0.0,177.0,2923.0,8643043.0,0.0,0.0,158.0,0.0,0.0,0.0,37895.0,0.028611208282279182,0.3943690354627553,0.17491433915446963,False,False,False,False,1012456046.4143293,0.17491433915446963
09/30/2006,0.0,10436020.0,0.0,181128.0,8850968.0,53374.0,0.0,1202.0,0.0,0.0,10667309.0,900000.0,13347.0,179243.0,0.0,226782.0,16184.0,391241.0,1644099.0,1644099.0,20060930.0,10667309.0,0.0,154097.0,10739.0,528359.0,10436020.0,2345.0,0.0,19076.0,0.0,0.0,1202.0,0.0,11054994.0,645.0,2674958.0,597.0,0.0,296822.0,230.0,3531535.0,231289.0,84396.0,75229.0,0.0,0.0,179243.0,83697.0,117579.0,72.0,0.0,31.0,1191.0,228778.0,-70903.0,10890314.0,-58.0,2723284.0,301577.0,9332949.0,231289.0,301.0,0.0,0.0,113365.0,0.0,138541.0,84156.0,2316403.0,27310.0,1009.0,0.0,1821606.0,4731.0,0.0,0.0,263.0,2200.0,10544978.0,534471.0,0.0,158.0,0.0,0.0,0.0,63593.0,0.02854454462406731,0.12806768272173807,0.06835379986313561,False,False,False,False,1010188553.2095989,0.06835379986313561
12/31/2006,0.0,16320985.0,0.0,233824.0,11155221.0,120330.0,0.0,-1383.0,0.0,0.0,16555418.0,900000.0,20374.0,266947.0,0.0,325655.0,18787.0,556984.0,1644099.0,1644099.0,20061231.0,16555418.0,0.0,220909.0,16568.0,791119.0,16320985.0,3459.0,15862.0,19847.0,0.0,0.0,-1383.0,0.0,11373758.0,915.0,2010628.0,901.0,0.0,442557.0,356.0,4098372.0,234433.0,137650.0,28757.0,0.0,0.0,266947.0,147857.0,175610.0,132.0,0.0,34.0,1191.0,343722.0,-81876.0,11483358.0,-63.0,2810983.0,465464.0,12423648.0,234433.0,109.0,0.0,0.0,174901.0,0.0,175225.0,148123.0,2518129.0,36622.0,374.0,0.0,1994856.0,7092.0,0.0,0.0,347.0,1565.0,16524358.0,2572374.0,201.0,157.0,0.0,0.0,0.0,79797.0,0.028562152352584705,0.21205298650393792,0.10195848601312599,False,False,False,False,1010787461.307877,0.10195848601312599
03/31/2007,0.0,19795000.0,0.0,251000.0,13729000.0,102000.0,0.0,-4000.0,0.0,0.0,20037000.0,0.0,8000.0,91000.0,0.0,110000.0,26000.0,150000.0,2811000.0,2822000.0,20070331.0,20037000.0,0.0,32000.0,6000.0,330000.0,19795000.0,2000.0,124000.0,4000.0,0.0,0.0,-4000.0,0.0,10386000.0,4000.0,2217000.0,1000.0,0.0,152000.0,0.0,3791000.0,242000.0,50000.0,46000.0,0.0,0.0,91000.0,63000.0,61000.0,0.0,0.0,54.0,2000.0,139000.0,22000.0,9106000.0,0.0,2913000.0,220000.0,14276000.0,242000.0,0.0,0.0,0.0,53000.0,0.0,170000.0,63000.0,2770000.0,9000.0,0.0,5519000.0,1550000.0,2000.0,0.0,0.0,0.0,2000.0,20006000.0,3672000.0,2000.0,0.0,0.0,0.0,0.0,16000.0,0.02853912556303313,0.1010698719041353,0.057551424099473995,False,False,False,False,1010004229.6305962,0.057551424099473995
06/30/2007,0.0,19236000.0,0.0,275000.0,15256000.0,164000.0,0.0,-14000.0,0.0,0.0,19535000.0,0.0,20000.0,195000.0,0.0,235000.0,22000.0,287000.0,2811000.0,2822000.0,20070630.0,19535000.0,0.0,135000.0,17000.0,691000.0,19236000.0,3000.0,253000.0,10000.0,0.0,0.0,-14000.0,0.0,9119000.0,97000.0,2404000.0,2000.0,0.0,326000.0,0.0,3680000.0,299000.0,111000.0,89000.0,0.0,0.0,195000.0,30000.0,131000.0,0.0,0.0,73.0,2000.0,286000.0,-10000.0,8076000.0,-2000.0,3015000.0,456000.0,14995000.0,299000.0,0.0,0.0,0.0,106000.0,0.0,13000.0,30000.0,2771000.0,18000.0,0.0,4241000.0,913000.0,5000.0,0.0,9000.0,0.0,1000.0,19505000.0,4372000.0,6000.0,0.0,0.0,0.0,0.0,29000.0,0.028528595713060753,0.04909031986205986,0.0367532853726604,False,False,False,False,1009646068.019013,0.0367532853726604
09/30/2007,0.0,21123000.0,0.0,296000.0,16340000.0,265000.0,0.0,-62000.0,0.0,0.0,21559000.0,0.0,31000.0,148000.0,0.0,369000.0,28000.0,425000.0,2811000.0,2822000.0,20070930.0,21559000.0,0.0,208000.0,22000.0,1074000.0,21123000.0,9000.0,505000.0,15000.0,0.0,0.0,-62000.0,0.0,9173000.0,201000.0,3557000.0,3000.0,0.0,246000.0,0.0,4354000.0,436000.0,-73000.0,59000.0,0.0,0.0,148000.0,1000.0,98000.0,0.0,0.0,73.0,2000.0,439000.0,-219000.0,10059000.0,-54000.0,2916000.0,705000.0,17847000.0,436000.0,0.0,0.0,0.0,175000.0,0.0,20000.0,1000.0,3429000.0,30000.0,0.0,3276000.0,2000000.0,8000.0,0.0,35000.0,0.0,2000.0,21529000.0,5241000.0,15000.0,0.0,-19000.0,0.0,0.0,39000.0,0.02851648474122023,0.014945862367193419,0.023088235791609506,False,False,False,False,1009234126.2341235,0.023088235791609506
12/31/2007,0.0,26735000.0,0.0,382000.0,21481000.0,363000.0,0.0,-574000.0,0.0,0.0,27151000.0,350000.0,47000.0,-23000.0,0.0,543000.0,29000.0,664000.0,2811000.0,2822000.0,20071231.0,27151000.0,0.0,534000.0,35000.0,1539000.0,26735000.0,12000.0,658000.0,24000.0,0.0,0.0,-574000.0,0.0,14264000.0,260000.0,6474000.0,4000.0,0.0,-38000.0,1000.0,8572000.0,416000.0,-456000.0,92000.0,0.0,0.0,-23000.0,1000.0,-15000.0,0.0,0.0,75.0,1000.0,629000.0,-416000.0,16736000.0,0.0,3149000.0,996000.0,23607000.0,416000.0,0.0,0.0,0.0,306000.0,0.0,15000.0,1000.0,4769000.0,53000.0,4000.0,3128000.0,4063000.0,11000.0,0.0,63000.0,0.0,5000.0,27150000.0,6827000.0,26000.0,0.0,-74000.0,0.0,0.0,41000.0,0.028502510965449326,0.09134507807234978,0.053639537808209514,False,False,False,False,1008758823.1611321,0.053639537808209514
03/31/2008,0.0,29418000.0,0.0,463000.0,27066000.0,102000.0,0.0,1000.0,0.0,0.0,29866000.0,400000.0,16000.0,-100000.0,0.0,157000.0,44000.0,248000.0,3149000.0,3149000.0,20080331.0,29866000.0,0.0,-25000.0,12000.0,427000.0,29418000.0,4000.0,723000.0,15000.0,0.0,0.0,-109000.0,0.0,16061000.0,0.0,6058000.0,0.0,0.0,-163000.0,0.0,10646000.0,448000.0,-301000.0,96000.0,0.0,0.0,-100000.0,1000.0,-63000.0,0.0,0.0,71.0,5000.0,181000.0,-167000.0,16063000.0,0.0,3449000.0,270000.0,28215000.0,448000.0,0.0,0.0,0.0,168000.0,0.0,17000.0,1000.0,7804000.0,28000.0,3000.0,1203000.0,3780000.0,3000.0,0.0,19000.0,0.0,8000.0,29866000.0,8484000.0,9000.0,0.0,0.0,0.0,0.0,0.0,0.028519532540525944,0.0025463573146192187,0.01813026245016325,False,False,False,False,1009337793.875541,0.01813026245016325
06/30/2008,0.0,29282000.0,0.0,490000.0,29240000.0,183000.0,0.0,0.0,0.0,0.0,29771000.0,400000.0,31000.0,153000.0,0.0,295000.0,40000.0,442000.0,3149000.0,3149000.0,20080630.0,29771000.0,0.0,493000.0,23000.0,753000.0,29282000.0,7000.0,909000.0,37000.0,0.0,0.0,-113000.0,0.0,15730000.0,0.0,6060000.0,0.0,0.0,251000.0,0.0,9718000.0,489000.0,-13000.0,142000.0,0.0,0.0,153000.0,0.0,98000.0,0.0,0.0,76.0,5000.0,313000.0,-393000.0,13798000.0,0.0,3702000.0,458000.0,29140000.0,489000.0,1000.0,0.0,0.0,294000.0,0.0,5000.0,1000.0,8274000.0,41000.0,0.0,142000.0,2006000.0,6000.0,0.0,32000.0,1000.0,5000.0,29771000.0,8667000.0,18000.0,0.0,0.0,0.0,0.0,3000.0,0.028517825690936003,0.009444960571235362,0.020888679643055748,False,False,False,False,1009279737.2079277,0.020888679643055748
09/30/2008,0.0,28442000.0,0.0,507000.0,31479000.0,284000.0,0.0,0.0,0.0,0.0,29033000.0,400000.0,45000.0,144000.0,0.0,406000.0,51000.0,582000.0,3149000.0,3149000.0,20080930.0,29033000.0,0.0,635000.0,33000.0,1041000.0,28442000.0,11000.0,1179000.0,39000.0,0.0,0.0,-262000.0,0.0,12196000.0,0.0,7324000.0,0.0,0.0,237000.0,0.0,7790000.0,591000.0,-115000.0,84000.0,0.0,0.0,144000.0,0.0,93000.0,0.0,0.0,76.0,5000.0,461000.0,-488000.0,14239000.0,0.0,3693000.0,635000.0,28371000.0,591000.0,1000.0,0.0,0.0,373000.0,0.0,3000.0,1000.0,6875000.0,54000.0,9000.0,71000.0,1392000.0,7000.0,0.0,45000.0,1000.0,14000.0,29033000.0,9646000.0,30000.0,0.0,0.0,0.0,0.0,5000.0,0.02851618470857981,0.017846615907562154,0.024248357188172746,False,False,False,False,1009223920.943991,0.024248357188172746
12/31/2008,0.0,45956000.0,0.0,529000.0,34482000.0,304000.0,0.0,-21000.0,0.0,0.0,46454000.0,3165000.0,99000.0,-529000.0,0.0,511000.0,30000000.0,777000.0,3149000.0,3149000.0,20081231.0,46454000.0,0.0,183000.0,90000.0,1318000.0,45956000.0,7000.0,1255000.0,52000.0,37000.0,0.0,-852000.0,0.0,15483000.0,0.0,7928000.0,0.0,0.0,-857000.0,0.0,10103000.0,498000.0,-1217000.0,30093000.0,0.0,0.0,-529000.0,0.0,-328000.0,15000.0,0.0,72.0,5000.0,551000.0,-548000.0,14837000.0,0.0,5785000.0,807000.0,35950000.0,498000.0,1000.0,0.0,0.0,521000.0,0.0,4000.0,1000.0,11274000.0,72000.0,52000.0,10006000.0,1549000.0,10000.0,0.0,48000.0,2000.0,20000.0,46454000.0,10470000.0,42000.0,0.0,0.0,0.0,37000.0,5000.0,0.03337857589817616,29.849226443562,11.959717722963706,False,False,False,False,1174612969.1433725,11.959717722963706
03/31/2009,0.0,53443000.0,0.0,619000.0,41454000.0,7000.0,0.0,-1000.0,0.0,0.0,54102000.0,0.0,38000.0,208000.0,0.0,22000.0,30000000.0,130000.0,5785000.0,5785000.0,20090331.0,54102000.0,0.0,582000.0,35000.0,183000.0,53443000.0,3000.0,1344000.0,8000.0,46000.0,0.0,-88000.0,0.0,14855000.0,0.0,5920000.0,0.0,0.0,350000.0,0.0,9593000.0,659000.0,451000.0,30018000.0,0.0,0.0,208000.0,0.0,142000.0,19000.0,0.0,74.0,20000.0,52000.0,-43000.0,13338000.0,0.0,5993000.0,161000.0,42754000.0,659000.0,1000.0,0.0,0.0,85000.0,0.0,0.0,1000.0,16963000.0,8000.0,85000.0,10689000.0,2804000.0,0.0,0.0,1000.0,0.0,59000.0,54102000.0,11345000.0,7000.0,0.0,0.0,0.0,46000.0,0.0,0.03544327934998186,44.97175917656437,18.009969638235738,False,False,False,False,1244841654.04202,18.009969638235738
06/30/2009,0.0,55487000.0,0.0,716000.0,47661000.0,10000.0,0.0,-23000.0,0.0,0.0,56232000.0,125000.0,97000.0,201000.0,0.0,40000.0,14423000.0,231000.0,5785000.0,5785000.0,20090630.0,56232000.0,0.0,493000.0,91000.0,383000.0,55487000.0,5000.0,1662000.0,13000.0,54000.0,0.0,73000.0,0.0,14256000.0,0.0,6653000.0,0.0,0.0,341000.0,0.0,9627000.0,745000.0,494000.0,14475000.0,0.0,0.0,201000.0,0.0,140000.0,38000.0,0.0,79.0,20000.0,131000.0,-72000.0,15234000.0,0.0,6111000.0,343000.0,46303000.0,745000.0,1000.0,0.0,0.0,158000.0,0.0,5000.0,1000.0,18677000.0,15000.0,96000.0,9184000.0,3736000.0,2000.0,0.0,3000.0,1000.0,62000.0,56232000.0,11183000.0,16000.0,0.0,0.0,0.0,54000.0,0.0,0.03799389588620026,49.64966831034896,19.882663661671305,False,False,False,False,1331598154.0433671,19.882663661671305
09/30/2009,0.0,55428000.0,0.0,717000.0,49315000.0,11000.0,0.0,-143000.0,0.0,0.0,56311000.0,147000.0,132000.0,378000.0,0.0,48000.0,10095000.0,326000.0,5785000.0,5785000.0,20090930.0,56311000.0,0.0,805000.0,123000.0,618000.0,55428000.0,8000.0,2694000.0,17000.0,54000.0,0.0,143000.0,0.0,14999000.0,0.0,6663000.0,0.0,0.0,633000.0,0.0,10151000.0,883000.0,833000.0,10148000.0,0.0,0.0,378000.0,0.0,255000.0,47000.0,0.0,84.0,20000.0,267000.0,-115000.0,14778000.0,0.0,6310000.0,570000.0,47622000.0,883000.0,1000.0,0.0,0.0,224000.0,0.0,6000.0,1000.0,13682000.0,20000.0,116000.0,7801000.0,2944000.0,5000.0,0.0,4000.0,1000.0,82000.0,56311000.0,10882000.0,26000.0,0.0,0.0,0.0,54000.0,0.0,0.037994725030040984,45.49551603407212,18.221003248646873,False,False,False,False,1331626356.4864225,18.221003248646873
12/31/2009,0.0,55214000.0,0.0,745000.0,49428000.0,23000.0,0.0,-176000.0,0.0,0.0,56010000.0,1165000.0,172000.0,399000.0,0.0,56000.0,12441000.0,397000.0,5785000.0,5785000.0,20091231.0,56010000.0,0.0,976000.0,160000.0,835000.0,55214000.0,10000.0,2403000.0,20000.0,145000.0,0.0,118000.0,0.0,13909000.0,0.0,6342000.0,0.0,0.0,657000.0,0.0,9228000.0,796000.0,917000.0,12546000.0,0.0,0.0,399000.0,0.0,258000.0,56000.0,0.0,108.0,20000.0,396000.0,-177000.0,13454000.0,0.0,7349000.0,779000.0,50210000.0,796000.0,1000.0,0.0,0.0,270000.0,69000.0,5000.0,1000.0,15560000.0,24000.0,144000.0,4989000.0,2485000.0,12000.0,0.0,5000.0,2000.0,19000.0,56010000.0,10694000.0,38000.0,0.0,0.0,0.0,145000.0,0.0,0.08889564548009403,99.99999999999824,40.05333738728735,False,True,True,True,3062966854.9060025,40.05333738728735
03/31/2010,0.0,56952000.0,0.0,852000.0,51506000.0,6000.0,0.0,-101000.0,0.0,0.0,57746000.0,164000.0,38000.0,87000.0,0.0,41000.0,16170000.0,71000.0,7349000.0,7349000.0,20100331.0,57746000.0,0.0,145000.0,33000.0,203000.0,56952000.0,4000.0,2573000.0,4000.0,0.0,0.0,7000.0,0.0,13111000.0,0.0,4668000.0,0.0,0.0,145000.0,0.0,8317000.0,794000.0,150000.0,16286000.0,0.0,0.0,87000.0,0.0,58000.0,12000.0,0.0,117.0,19000.0,104000.0,-2000.0,11979000.0,-20000.0,7580000.0,162000.0,52124000.0,794000.0,1000.0,0.0,0.0,44000.0,45000.0,7000.0,1000.0,17269000.0,4000.0,8000.0,4814000.0,2268000.0,2000.0,0.0,1000.0,1000.0,27000.0,57746000.0,10471000.0,16000.0,0.0,0.0,0.0,0.0,0.0,0.02852010885993175,0.0003572326883490582,0.017254958391298675,False,False,False,False,1009357396.7652035,0.017254958391298675
06/30/2010,0.0,54208000.0,0.0,818000.0,50951000.0,13000.0,0.0,-115000.0,0.0,0.0,55184000.0,196000.0,79000.0,183000.0,0.0,98000.0,11653000.0,138000.0,7349000.0,7349000.0,20100630.0,55184000.0,0.0,281000.0,69000.0,387000.0,54208000.0,8000.0,2773000.0,7000.0,0.0,0.0,7000.0,0.0,11674000.0,0.0,4048000.0,0.0,0.0,304000.0,0.0,7232000.0,976000.0,292000.0,11768000.0,0.0,0.0,183000.0,0.0,121000.0,20000.0,0.0,130.0,19000.0,178000.0,4000.0,11611000.0,117000.0,7845000.0,289000.0,49682000.0,976000.0,1000.0,0.0,0.0,87000.0,104000.0,8000.0,1000.0,14182000.0,7000.0,7000.0,4512000.0,2376000.0,4000.0,0.0,1000.0,2000.0,26000.0,55184000.0,10662000.0,33000.0,0.0,0.0,0.0,0.0,0.0,0.02851988011310174,0.0003567850565748573,0.017254642090490987,False,False,False,False,1009349616.1858509,0.017254642090490987
09/30/2010,0.0,54184000.0,0.0,799000.0,49644000.0,22000.0,0.0,-132000.0,0.0,0.0,54956000.0,233000.0,115000.0,323000.0,0.0,156000.0,9061000.0,206000.0,7349000.0,7349000.0,20100930.0,54956000.0,0.0,492000.0,99000.0,577000.0,54184000.0,13000.0,3180000.0,11000.0,0.0,0.0,-18000.0,0.0,11573000.0,0.0,3417000.0,4000.0,0.0,536000.0,0.0,6812000.0,772000.0,478000.0,9114000.0,0.0,0.0,323000.0,0.0,213000.0,27000.0,0.0,123.0,19000.0,254000.0,4000.0,11673000.0,179000.0,8084000.0,421000.0,49092000.0,772000.0,1000.0,0.0,0.0,123000.0,119000.0,8000.0,1000.0,13377000.0,12000.0,-17000.0,4394000.0,2497000.0,5000.0,0.0,1000.0,3000.0,2000.0,54956000.0,10700000.0,51000.0,0.0,0.0,0.0,0.0,9000.0,0.02851959050682701,0.002047460172223031,0.017930738372985415,False,False,False,False,1009339765.5374224,0.017930738372985415
12/31/2010,0.0,55993000.0,0.0,889000.0,50629000.0,30000.0,0.0,-130000.0,0.0,0.0,56849000.0,269000.0,154000.0,445000.0,0.0,228000.0,17844000.0,272000.0,7349000.0,7349000.0,20101231.0,56920000.0,0.0,703000.0,131000.0,773000.0,55993000.0,20000.0,3476000.0,14000.0,0.0,0.0,-49000.0,0.0,11728000.0,0.0,3843000.0,28000.0,0.0,745000.0,0.0,6600000.0,927000.0,653000.0,17887000.0,0.0,0.0,445000.0,0.0,300000.0,33000.0,71000.0,117.0,19000.0,329000.0,-1000.0,11673000.0,37000.0,8100000.0,545000.0,52386000.0,927000.0,0.0,0.0,0.0,144000.0,180000.0,8000.0,1000.0,15013000.0,16000.0,-18000.0,3145000.0,1777000.0,7000.0,0.0,1000.0,3000.0,1000.0,56920000.0,10929000.0,71000.0,0.0,0.0,0.0,0.0,13000.0,0.028519475201456625,0.000880916974840883,0.017464051910810328,False,False,False,False,1009335843.5482782,0.017464051910810328
03/31/2011,0.0,55720000.0,0.0,988000.0,52663000.0,12000.0,0.0,0.0,0.0,0.0,56409000.0,32000.0,35000.0,153000.0,0.0,75000.0,19128000.0,71000.0,8100000.0,8100000.0,20110331.0,56690000.0,0.0,201000.0,31000.0,192000.0,55720000.0,3000.0,3581000.0,4000.0,0.0,0.0,3000.0,0.0,11694000.0,0.0,3574000.0,30000.0,0.0,256000.0,0.0,6731000.0,970000.0,204000.0,19230000.0,0.0,0.0,153000.0,0.0,103000.0,13000.0,281000.0,117.0,1000.0,76000.0,0.0,13039000.0,-36000.0,8249000.0,117000.0,52857000.0,970000.0,0.0,2000.0,0.0,39000.0,63000.0,10000.0,2000.0,15192000.0,4000.0,0.0,2863000.0,2206000.0,2000.0,0.0,0.0,1000.0,1000.0,56690000.0,10733000.0,20000.0,0.0,12000.0,0.0,0.0,3000.0,0.028521870745163956,2.6877308728179995e-06,0.0171141975394475,False,False,False,False,1009417325.4114659,0.0171141975394475
06/30/2011,0.0,57541000.0,0.0,953000.0,53827000.0,29000.0,0.0,0.0,0.0,0.0,58248000.0,53000.0,73000.0,350000.0,0.0,165000.0,20047000.0,160000.0,8100000.0,8100000.0,20110630.0,58529000.0,0.0,388000.0,61000.0,401000.0,57541000.0,10000.0,3547000.0,13000.0,0.0,0.0,10000.0,0.0,14435000.0,0.0,3344000.0,85000.0,0.0,586000.0,0.0,5964000.0,988000.0,400000.0,20115000.0,0.0,0.0,350000.0,1000.0,236000.0,25000.0,281000.0,231.0,1000.0,151000.0,1000.0,14328000.0,15000.0,8518000.0,236000.0,54696000.0,988000.0,1000.0,9000.0,0.0,79000.0,95000.0,14000.0,2000.0,15583000.0,8000.0,0.0,2845000.0,2245000.0,3000.0,0.0,0.0,2000.0,1000.0,58529000.0,11359000.0,41000.0,0.0,94000.0,0.0,0.0,7000.0,0.028522202792209794,0.00030170474879581406,0.0172340035748442,False,False,False,False,1009428619.6374397,0.0172340035748442
09/30/2011,0.0,53553000.0,0.0,951000.0,54415000.0,49000.0,0.0,0.0,0.0,909000.0,54329000.0,70000.0,139000.0,367000.0,0.0,252000.0,15353000.0,262000.0,8100000.0,8100000.0,20110930.0,54610000.0,0.0,215000.0,100000.0,606000.0,53553000.0,34000.0,3936000.0,22000.0,0.0,0.0,96000.0,0.0,14418000.0,0.0,3702000.0,117000.0,0.0,623000.0,0.0,6107000.0,1057000.0,319000.0,15390000.0,0.0,0.0,367000.0,2000.0,256000.0,37000.0,281000.0,219.0,1000.0,218000.0,7000.0,14369000.0,95000.0,8632000.0,354000.0,50747000.0,1057000.0,0.0,95000.0,0.0,108000.0,129000.0,12000.0,2000.0,14161000.0,11000.0,-61000.0,2806000.0,2111000.0,12000.0,0.0,0.0,5000.0,3000.0,54329000.0,8286000.0,65000.0,0.0,130000.0,63000.0,0.0,11000.0,0.044468799018379086,28.864871280119008,11.572629791458631,False,False,False,False,1551835075.4382396,11.572629791458631
12/31/2011,0.0,53770000.0,0.0,926000.0,50702000.0,71000.0,0.0,0.0,0.0,868000.0,53336000.0,133000.0,300000.0,512000.0,0.0,342000.0,12193000.0,360000.0,8100000.0,8100000.0,20111231.0,54776000.0,0.0,411000.0,203000.0,807000.0,53770000.0,91000.0,4260000.0,29000.0,0.0,0.0,228000.0,0.0,15407000.0,1000.0,4713000.0,151000.0,0.0,891000.0,0.0,6553000.0,1006000.0,648000.0,12233000.0,0.0,0.0,512000.0,1000.0,379000.0,44000.0,1440000.0,215.0,1000.0,295000.0,8000.0,16182000.0,88000.0,8833000.0,465000.0,51669000.0,1006000.0,0.0,227000.0,1000.0,130000.0,165000.0,27000.0,1000.0,12920000.0,15000.0,-59000.0,2101000.0,2370000.0,8000.0,0.0,0.0,6000.0,5000.0,54403000.0,8392000.0,91000.0,0.0,142000.0,63000.0,0.0,14000.0,0.04442974684316144,22.515497815332296,9.032856974238815,False,False,False,False,1550506757.3664274,9.032856974238815
03/31/2012,0.0,54380000.0,0.0,948000.0,52253000.0,23000.0,0.0,0.0,0.0,1035000.0,54064000.0,41000.0,80000.0,238000.0,0.0,95000.0,12920000.0,104000.0,8833000.0,8833000.0,20120331.0,55496000.0,0.0,347000.0,59000.0,214000.0,54380000.0,21000.0,4604000.0,8000.0,0.0,0.0,37000.0,0.0,16206000.0,4000.0,4508000.0,39000.0,0.0,407000.0,0.0,7153000.0,1116000.0,393000.0,12970000.0,0.0,0.0,238000.0,0.0,169000.0,8000.0,1432000.0,203.0,5000.0,81000.0,9000.0,15734000.0,-16000.0,9096000.0,119000.0,52400000.0,1116000.0,1000.0,37000.0,0.0,37000.0,34000.0,31000.0,1000.0,13282000.0,5000.0,1000.0,1980000.0,1970000.0,3000.0,0.0,0.0,0.0,6000.0,55114000.0,8538000.0,28000.0,0.0,0.0,0.0,0.0,2000.0,0.028521907470096055,0.00030170474879581406,0.01723382638157596,False,False,False,False,1009418574.5708462,0.01723382638157596
06/30/2012,0.0,55661000.0,0.0,1009000.0,52988000.0,43000.0,0.0,0.0,0.0,1036000.0,55149000.0,84000.0,165000.0,449000.0,0.0,173000.0,11427000.0,211000.0,8833000.0,8833000.0,20120630.0,56770000.0,0.0,648000.0,124000.0,426000.0,55661000.0,39000.0,5254000.0,15000.0,0.0,0.0,106000.0,360000.0,16851000.0,14000.0,5490000.0,68000.0,0.0,773000.0,0.0,7332000.0,1109000.0,759000.0,11471000.0,0.0,0.0,449000.0,1000.0,324000.0,16000.0,1621000.0,179.0,5000.0,177000.0,5000.0,18151000.0,26000.0,9392000.0,253000.0,53696000.0,1109000.0,0.0,106000.0,0.0,71000.0,66000.0,40000.0,1000.0,12625000.0,9000.0,13000.0,1965000.0,2627000.0,8000.0,0.0,0.0,2000.0,18000.0,56388000.0,9423000.0,59000.0,0.0,19000.0,0.0,0.0,8000.0,0.028521959242560218,0.0,0.01711317554553613,False,False,False,False,1009420335.555974,0.01711317554553613
09/30/2012,0.0,57338000.0,0.0,942000.0,55868000.0,61000.0,0.0,0.0,0.0,973000.0,56861000.0,151000.0,236000.0,701000.0,0.0,260000.0,4862000.0,332000.0,8833000.0,8833000.0,20120930.0,58361000.0,0.0,979000.0,181000.0,650000.0,57338000.0,52000.0,5990000.0,20000.0,0.0,0.0,168000.0,317000.0,18724000.0,25000.0,5430000.0,99000.0,0.0,1204000.0,0.0,8356000.0,1023000.0,1157000.0,4953000.0,0.0,0.0,701000.0,1000.0,503000.0,21000.0,1500000.0,167.0,5000.0,277000.0,10000.0,19201000.0,83000.0,9768000.0,390000.0,55396000.0,1023000.0,0.0,168000.0,0.0,114000.0,101000.0,54000.0,1000.0,13914000.0,14000.0,26000.0,1942000.0,2908000.0,13000.0,0.0,0.0,3000.0,31000.0,57942000.0,9496000.0,96000.0,0.0,49000.0,0.0,0.0,11000.0,0.02852196445584687,0.0,0.01711317867350812,False,False,False,False,1009420512.880357,0.01711317867350812
12/31/2012,0.0,65730000.0,0.0,1073000.0,57285000.0,77000.0,0.0,0.0,0.0,1425000.0,65922000.0,186000.0,345000.0,1085000.0,0.0,370000.0,12558000.0,463000.0,8833000.0,8833000.0,20121231.0,67225000.0,0.0,1524000.0,276000.0,901000.0,65730000.0,65000.0,6673000.0,25000.0,0.0,0.0,237000.0,288000.0,20060000.0,47000.0,5440000.0,144000.0,0.0,1838000.0,0.0,8458000.0,1495000.0,1771000.0,12672000.0,0.0,0.0,1085000.0,1000.0,753000.0,26000.0,1303000.0,173.0,5000.0,385000.0,10000.0,20429000.0,29000.0,10133000.0,531000.0,64245000.0,1495000.0,0.0,237000.0,0.0,143000.0,129000.0,50000.0,1000.0,17674000.0,18000.0,32000.0,1485000.0,2317000.0,17000.0,0.0,0.0,4000.0,37000.0,66806000.0,10284000.0,135000.0,0.0,74000.0,0.0,0.0,15000.0,0.028521967953844752,0.0,0.01711318077230685,False,False,False,False,1009420631.8610227,0.01711318077230685
03/31/2013,0.0,63563000.0,0.0,1160000.0,62981000.0,16000.0,0.0,0.0,0.0,1115000.0,64340000.0,58000.0,85000.0,204000.0,0.0,110000.0,10336000.0,124000.0,10133000.0,10133000.0,20130331.0,64760000.0,0.0,249000.0,66000.0,239000.0,63563000.0,18000.0,7393000.0,5000.0,0.0,0.0,74000.0,284000.0,20686000.0,17000.0,5484000.0,45000.0,0.0,342000.0,0.0,7855000.0,1197000.0,324000.0,10383000.0,0.0,0.0,204000.0,1000.0,138000.0,7000.0,420000.0,169.0,37000.0,101000.0,1000.0,21065000.0,-25000.0,10370000.0,129000.0,62121000.0,1197000.0,0.0,74000.0,1000.0,34000.0,26000.0,39000.0,1000.0,17106000.0,4000.0,10000.0,1442000.0,2444000.0,2000.0,0.0,0.0,1000.0,47000.0,64340000.0,9986000.0,43000.0,0.0,3000.0,0.0,0.0,4000.0,0.02858744546286108,0.8805698421669742,0.36938040414450635,False,False,False,False,1011647779.4664738,0.36938040414450635
06/30/2013,0.0,64909000.0,0.0,1168000.0,61244000.0,30000.0,0.0,0.0,0.0,1081000.0,65650000.0,81000.0,169000.0,486000.0,0.0,258000.0,12103000.0,254000.0,10133000.0,10133000.0,20130630.0,66068000.0,0.0,532000.0,130000.0,497000.0,64909000.0,32000.0,5501000.0,11000.0,0.0,0.0,176000.0,202000.0,21213000.0,38000.0,5399000.0,100000.0,0.0,818000.0,0.0,7621000.0,1159000.0,709000.0,12195000.0,0.0,0.0,486000.0,1000.0,332000.0,14000.0,418000.0,171.0,37000.0,183000.0,1000.0,22449000.0,-355000.0,10345000.0,239000.0,63484000.0,1159000.0,0.0,176000.0,1000.0,111000.0,53000.0,41000.0,1000.0,16874000.0,8000.0,13000.0,1425000.0,2344000.0,4000.0,0.0,0.0,7000.0,50000.0,65650000.0,10825000.0,85000.0,0.0,33000.0,0.0,0.0,8000.0,0.02858743427329556,0.880602440644914,0.369393436821943,False,False,False,False,1011647398.8653419,0.369393436821943
09/30/2013,0.0,81941000.0,0.0,1741000.0,75835000.0,42000.0,0.0,0.0,0.0,1348000.0,83116000.0,103000.0,263000.0,699000.0,0.0,421000.0,23400000.0,403000.0,10133000.0,10133000.0,20130930.0,83534000.0,0.0,825000.0,208000.0,782000.0,81941000.0,45000.0,5969000.0,14000.0,0.0,0.0,196000.0,220000.0,23999000.0,61000.0,5283000.0,151000.0,0.0,1177000.0,0.0,8235000.0,1593000.0,1023000.0,23508000.0,0.0,0.0,699000.0,0.0,478000.0,28000.0,418000.0,175.0,37000.0,279000.0,2000.0,24697000.0,-320000.0,10615000.0,361000.0,80530000.0,1593000.0,0.0,196000.0,1000.0,175000.0,85000.0,75000.0,0.0,22389000.0,11000.0,43000.0,1411000.0,2961000.0,6000.0,0.0,1000.0,10000.0,80000.0,83116000.0,14109000.0,135000.0,0.0,39000.0,0.0,0.0,12000.0,0.028587036748220773,0.8806019095750119,0.36939298587893726,False,False,False,False,1011633877.4740776,0.36939298587893726
12/31/2013,0.0,88094000.0,0.0,1589000.0,83368000.0,52000.0,0.0,0.0,0.0,1533000.0,89386000.0,158000.0,360000.0,955000.0,0.0,612000.0,18620000.0,564000.0,10133000.0,10133000.0,20131231.0,89805000.0,0.0,1081000.0,280000.0,1095000.0,88094000.0,66000.0,6629000.0,17000.0,0.0,0.0,254000.0,809000.0,24949000.0,86000.0,5639000.0,212000.0,0.0,1601000.0,0.0,8063000.0,1711000.0,1348000.0,18776000.0,0.0,0.0,955000.0,0.0,646000.0,43000.0,419000.0,224.0,37000.0,382000.0,13000.0,26155000.0,-415000.0,10831000.0,483000.0,87909000.0,1711000.0,0.0,254000.0,0.0,228000.0,123000.0,67000.0,0.0,25088000.0,15000.0,40000.0,185000.0,2568000.0,8000.0,0.0,1000.0,14000.0,77000.0,89386000.0,15000000.0,190000.0,0.0,41000.0,0.0,0.0,15000.0,0.02852153727648911,0.0,0.017112922365893464,False,False,False,False,1009405982.8302982,0.017112922365893464
03/31/2014,0.0,93737000.0,0.0,1745000.0,91470000.0,10000.0,0.0,0.0,0.0,1590000.0,95055000.0,26000.0,98000.0,200000.0,0.0,207000.0,22088000.0,163000.0,10831000.0,10831000.0,20140331.0,95439000.0,0.0,193000.0,75000.0,320000.0,93737000.0,18000.0,7163000.0,2000.0,0.0,0.0,23000.0,607000.0,27655000.0,25000.0,6750000.0,60000.0,0.0,342000.0,0.0,8931000.0,1702000.0,219000.0,22205000.0,0.0,0.0,200000.0,0.0,142000.0,15000.0,384000.0,233.0,77000.0,102000.0,3000.0,29542000.0,73000.0,11130000.0,113000.0,93737000.0,1702000.0,0.0,23000.0,0.0,61000.0,43000.0,53000.0,0.0,27948000.0,4000.0,-8000.0,0.0,2613000.0,5000.0,0.0,0.0,5000.0,69000.0,95055000.0,15763000.0,55000.0,0.0,6000.0,0.0,0.0,4000.0,0.028521690682131184,0.0,0.01711301440927871,False,False,False,False,1009411200.7595313,0.01711301440927871
06/30/2014,0.0,94652000.0,0.0,1842000.0,94358000.0,20000.0,0.0,0.0,0.0,1597000.0,95978000.0,52000.0,201000.0,474000.0,0.0,455000.0,12949000.0,372000.0,10831000.0,10831000.0,20140630.0,96362000.0,0.0,465000.0,154000.0,687000.0,94652000.0,37000.0,8078000.0,6000.0,0.0,0.0,58000.0,607000.0,32839000.0,52000.0,7941000.0,119000.0,0.0,804000.0,0.0,10108000.0,1710000.0,536000.0,13092000.0,0.0,0.0,474000.0,0.0,330000.0,27000.0,384000.0,254.0,77000.0,210000.0,13000.0,36912000.0,221000.0,11578000.0,232000.0,94652000.0,1710000.0,0.0,58000.0,0.0,134000.0,89000.0,59000.0,0.0,27332000.0,7000.0,1000.0,0.0,2785000.0,9000.0,0.0,0.0,10000.0,78000.0,95978000.0,16306000.0,78000.0,0.0,15000.0,0.0,0.0,8000.0,0.028521694653376197,0.0,0.017113016792025718,False,False,False,False,1009411335.8371933,0.017113016792025718
09/30/2014,0.0,96080000.0,0.0,1965000.0,97511000.0,34000.0,0.0,0.0,0.0,5516000.0,101338000.0,80000.0,270000.0,795000.0,77000.0,765000.0,18436000.0,642000.0,10831000.0,10831000.0,20140930.0,101722000.0,0.0,750000.0,199000.0,1120000.0,96080000.0,56000.0,8868000.0,9000.0,0.0,0.0,158000.0,495000.0,38566000.0,79000.0,8084000.0,183000.0,0.0,1351000.0,0.0,10833000.0,5642000.0,824000.0,18518000.0,0.0,0.0,795000.0,0.0,556000.0,36000.0,384000.0,263.0,77000.0,322000.0,-84000.0,39938000.0,133000.0,11839000.0,355000.0,96080000.0,5642000.0,0.0,158000.0,0.0,224000.0,135000.0,40000.0,0.0,30596000.0,11000.0,3000.0,0.0,3100000.0,13000.0,0.0,0.0,15000.0,80000.0,101338000.0,17187000.0,123000.0,0.0,35000.0,0.0,0.0,11000.0,0.03725282546427141,46.254287513397564,18.52406670063759,False,False,False,False,1306391434.3549619,18.52406670063759
12/31/2014,0.0,100979000.0,0.0,3012000.0,102694000.0,52000.0,0.0,0.0,0.0,7994000.0,108866000.0,109000.0,387000.0,1172000.0,105000.0,1105000.0,17426000.0,948000.0,10831000.0,10831000.0,20141231.0,109275000.0,0.0,1153000.0,281000.0,1595000.0,100979000.0,85000.0,9690000.0,14000.0,0.0,0.0,269000.0,558000.0,42502000.0,108000.0,8748000.0,242000.0,0.0,2014000.0,0.0,11537000.0,8296000.0,1277000.0,17514000.0,0.0,0.0,1172000.0,0.0,842000.0,48000.0,409000.0,265.0,77000.0,445000.0,-145000.0,45460000.0,201000.0,12313000.0,490000.0,100979000.0,8296000.0,0.0,269000.0,0.0,319000.0,182000.0,11000.0,0.0,34923000.0,14000.0,17000.0,0.0,2821000.0,17000.0,0.0,0.0,21000.0,94000.0,108866000.0,18230000.0,173000.0,0.0,36000.0,0.0,0.0,15000.0,0.04901558267569602,50.92718722242668,20.40028423857609,False,False,False,False,1706489070.1766963,20.40028423857609
03/31/2015,0.0,102610000.0,0.0,3039000.0,107087000.0,18000.0,0.0,0.0,0.0,7320000.0,109581000.0,36000.0,122000.0,422000.0,107000.0,382000.0,16294000.0,318000.0,12313000.0,12313000.0,20150331.0,109998000.0,0.0,290000.0,92000.0,519000.0,102610000.0,24000.0,10371000.0,5000.0,6000.0,0.0,126000.0,416000.0,46750000.0,31000.0,8986000.0,78000.0,0.0,686000.0,0.0,12297000.0,7388000.0,431000.0,16444000.0,0.0,0.0,422000.0,0.0,264000.0,9000.0,417000.0,306.0,94000.0,124000.0,15000.0,49491000.0,151000.0,12922000.0,137000.0,102610000.0,7388000.0,0.0,126000.0,0.0,74000.0,58000.0,11000.0,0.0,35740000.0,4000.0,23000.0,0.0,3779000.0,4000.0,0.0,0.0,6000.0,111000.0,109589000.0,17980000.0,65000.0,0.0,18000.0,0.0,0.0,7000.0,0.05009642499235438,51.26096562768022,20.534444106067504,False,False,False,False,1743252768.3316734,20.534444106067504
06/30/2015,0.0,102909000.0,800000.0,3104000.0,106674000.0,38000.0,0.0,0.0,9000.0,7692000.0,110257000.0,73000.0,231000.0,881000.0,106000.0,823000.0,17360000.0,672000.0,12313000.0,12313000.0,20150630.0,110652000.0,0.0,613000.0,178000.0,1100000.0,102909000.0,41000.0,11544000.0,14000.0,9000.0,0.0,185000.0,443000.0,51780000.0,63000.0,9627000.0,183000.0,0.0,1414000.0,0.0,12888000.0,7743000.0,816000.0,17573000.0,0.0,0.0,881000.0,0.0,533000.0,18000.0,395000.0,309.0,94000.0,249000.0,18000.0,53609000.0,-41000.0,12426000.0,277000.0,102909000.0,7743000.0,0.0,185000.0,0.0,159000.0,110000.0,12000.0,0.0,34826000.0,7000.0,29000.0,0.0,3093000.0,7000.0,0.0,0.0,12000.0,114000.0,110265000.0,18573000.0,135000.0,0.0,35000.0,0.0,0.0,16000.0,2.5494194839053104,0.08940335267088573,1.5654130314115406,False,False,False,False,86755059868.67648,1.5654130314115406
09/30/2015,0.0,105075000.0,800000.0,3242000.0,108606000.0,56000.0,0.0,-13000.0,9000.0,8850000.0,112078000.0,86000.0,386000.0,1302000.0,109000.0,1375000.0,23806000.0,1049000.0,12313000.0,12313000.0,20150930.0,113982000.0,0.0,918000.0,304000.0,1678000.0,105075000.0,62000.0,11881000.0,21000.0,9000.0,0.0,287000.0,586000.0,54318000.0,97000.0,9508000.0,276000.0,0.0,2103000.0,0.0,13140000.0,8907000.0,1099000.0,23971000.0,0.0,0.0,1302000.0,0.0,801000.0,30000.0,1904000.0,311.0,94000.0,263000.0,-106000.0,52969000.0,21000.0,12922000.0,303000.0,105075000.0,8907000.0,0.0,300000.0,0.0,254000.0,148000.0,12000.0,0.0,39848000.0,11000.0,26000.0,0.0,3153000.0,8000.0,0.0,0.0,20000.0,111000.0,112092000.0,17896000.0,211000.0,0.0,41000.0,0.0,0.0,22000.0,2.5537314890973963,0.08944648670326862,1.568017488139745,False,False,False,False,86901728124.426,1.568017488139745
12/31/2015,0.0,109389000.0,800000.0,3278000.0,109755000.0,74000.0,0.0,-9000.0,9000.0,10263000.0,117254000.0,86000.0,540000.0,1784000.0,112000.0,1941000.0,23924000.0,1425000.0,12313000.0,12313000.0,20151231.0,119652000.0,0.0,1281000.0,429000.0,2270000.0,109389000.0,82000.0,11733000.0,27000.0,9000.0,0.0,363000.0,833000.0,53943000.0,129000.0,9873000.0,377000.0,0.0,2878000.0,0.0,13568000.0,10263000.0,1499000.0,24033000.0,0.0,0.0,1784000.0,0.0,1094000.0,47000.0,2398000.0,302.0,94000.0,279000.0,-145000.0,54421000.0,-196000.0,13187000.0,329000.0,109264000.0,10263000.0,0.0,372000.0,0.0,338000.0,189000.0,17000.0,0.0,42750000.0,15000.0,64000.0,125000.0,3029000.0,8000.0,0.0,0.0,29000.0,149000.0,117262000.0,18125000.0,288000.0,0.0,42000.0,0.0,0.0,29000.0,2.5581061167189376,0.08949093607110456,1.5706600444598042,False,False,False,False,87050526415.29602,1.5706600444598042
03/31/2016,0.0,110836000.0,0.0,3359000.0,115324000.0,17000.0,0.0,-21000.0,4000.0,8712000.0,118109000.0,0.0,145000.0,411000.0,112000.0,599000.0,24211000.0,390000.0,13187000.0,13187000.0,20160331.0,119548000.0,0.0,140000.0,116000.0,621000.0,110836000.0,22000.0,11425000.0,2000.0,4000.0,0.0,104000.0,801000.0,54616000.0,34000.0,9427000.0,91000.0,0.0,654000.0,0.0,13256000.0,8712000.0,239000.0,24352000.0,0.0,0.0,411000.0,0.0,243000.0,29000.0,1439000.0,324.0,149000.0,15000.0,-5000.0,54243000.0,279000.0,13877000.0,22000.0,110189000.0,8712000.0,0.0,110000.0,0.0,88000.0,50000.0,16000.0,0.0,41755000.0,5000.0,44000.0,647000.0,3235000.0,0.0,0.0,0.0,7000.0,189000.0,2360000.0,19215000.0,78000.0,0.0,5000.0,0.0,0.0,9000.0,0.05299193670760327,52.10732903823758,20.874726777319594,False,False,True,False,1841740509.8486056,20.874726777319594
06/30/2016,0.0,104072000.0,0.0,3355000.0,111123000.0,33000.0,0.0,-28000.0,27000.0,13001000.0,111630000.0,0.0,279000.0,1006000.0,90000.0,1187000.0,23955000.0,770000.0,13187000.0,13187000.0,20160630.0,117073000.0,0.0,489000.0,218000.0,1230000.0,104072000.0,44000.0,11200000.0,8000.0,27000.0,0.0,185000.0,792000.0,52619000.0,67000.0,8801000.0,179000.0,0.0,1597000.0,0.0,12561000.0,13001000.0,720000.0,24082000.0,0.0,0.0,1006000.0,0.0,591000.0,58000.0,5443000.0,318.0,149000.0,23000.0,46000.0,51864000.0,395000.0,14588000.0,43000.0,103977000.0,13001000.0,0.0,186000.0,0.0,180000.0,98000.0,7000.0,0.0,46065000.0,10000.0,56000.0,95000.0,3008000.0,1000.0,0.0,0.0,17000.0,178000.0,95000.0,18175000.0,152000.0,0.0,25000.0,0.0,0.0,19000.0,0.044835883585713235,49.08519268852461,19.660978605561272,False,False,False,False,1564321065.3211548,19.660978605561272
09/30/2016,0.0,101013000.0,1900000.0,2244000.0,106727000.0,52000.0,0.0,6000.0,31000.0,9632000.0,105186000.0,0.0,423000.0,1522000.0,91000.0,1827000.0,9907000.0,1156000.0,13187000.0,13187000.0,20160930.0,110645000.0,0.0,633000.0,331000.0,1884000.0,101013000.0,65000.0,10944000.0,11000.0,51000.0,0.0,251000.0,793000.0,51786000.0,101000.0,9047000.0,295000.0,0.0,2414000.0,0.0,11817000.0,9632000.0,1028000.0,10030000.0,0.0,0.0,1522000.0,0.0,892000.0,81000.0,5459000.0,333.0,149000.0,28000.0,144000.0,53062000.0,336000.0,13145000.0,57000.0,100953000.0,9632000.0,0.0,206000.0,0.0,264000.0,157000.0,23000.0,0.0,28797000.0,16000.0,58000.0,60000.0,2401000.0,1000.0,0.0,0.0,27000.0,156000.0,276000.0,18988000.0,231000.0,0.0,40000.0,0.0,1000.0,32000.0,16.528855089782986,0.17028062672859584,9.98542530456123,False,False,False,False,562250646107.7157,9.98542530456123
12/31/2016,0.0,104279000.0,1900000.0,2301000.0,104697000.0,73000.0,0.0,14000.0,43000.0,8708000.0,108907000.0,0.0,570000.0,2084000.0,90000.0,2545000.0,18383000.0,1551000.0,13187000.0,13187000.0,20161231.0,112987000.0,0.0,818000.0,450000.0,2616000.0,104279000.0,85000.0,11034000.0,15000.0,66000.0,0.0,380000.0,701000.0,52358000.0,134000.0,7951000.0,470000.0,0.0,3307000.0,0.0,10610000.0,8708000.0,1366000.0,18432000.0,0.0,0.0,2084000.0,0.0,1223000.0,102000.0,4080000.0,331.0,149000.0,32000.0,168000.0,51321000.0,-110000.0,13261000.0,71000.0,104216000.0,8708000.0,0.0,319000.0,0.0,347000.0,220000.0,650000.0,0.0,29434000.0,22000.0,62000.0,63000.0,1785000.0,1000.0,0.0,0.0,35000.0,145000.0,356000.0,19361000.0,304000.0,0.0,28000.0,0.0,1000.0,51000.0,16.53949583909351,0.17030299751058592,9.99181870246034,False,False,False,False,562612579841.9578,9.99181870246034
03/31/2017,0.0,101189000.0,0.0,2223000.0,105548000.0,21000.0,0.0,-5000.0,0.0,10251000.0,105929000.0,0.0,155000.0,483000.0,102000.0,710000.0,17480000.0,405000.0,13261000.0,13261000.0,20170331.0,111440000.0,0.0,149000.0,122000.0,720000.0,101189000.0,25000.0,10702000.0,2000.0,0.0,0.0,52000.0,640000.0,50951000.0,33000.0,7240000.0,132000.0,0.0,784000.0,0.0,9579000.0,10251000.0,248000.0,17588000.0,0.0,0.0,483000.0,0.0,301000.0,36000.0,5511000.0,335.0,145000.0,3000.0,47000.0,50184000.0,63000.0,13807000.0,10000.0,101095000.0,10251000.0,0.0,44000.0,0.0,75000.0,65000.0,789000.0,0.0,29726000.0,5000.0,20000.0,94000.0,1579000.0,0.0,0.0,0.0,8000.0,165000.0,378000.0,18818000.0,79000.0,0.0,1000.0,0.0,0.0,28000.0,0.047439998203276136,50.42651969880593,20.19907187844434,False,False,False,False,1652897245.4776058,20.19907187844434
06/30/2017,0.0,90123000.0,0.0,2283000.0,96626000.0,48000.0,0.0,-14000.0,0.0,9909000.0,94507000.0,0.0,298000.0,1088000.0,102000.0,1438000.0,13206000.0,837000.0,13261000.0,13261000.0,20170630.0,100032000.0,0.0,421000.0,233000.0,1455000.0,90123000.0,49000.0,10561000.0,3000.0,0.0,0.0,120000.0,769000.0,50522000.0,61000.0,6734000.0,255000.0,0.0,1743000.0,0.0,8708000.0,9909000.0,619000.0,13380000.0,0.0,0.0,1088000.0,0.0,655000.0,76000.0,5525000.0,344.0,145000.0,7000.0,78000.0,51099000.0,139000.0,14488000.0,17000.0,88755000.0,9909000.0,0.0,117000.0,0.0,151000.0,118000.0,848000.0,0.0,25267000.0,5000.0,27000.0,1368000.0,1414000.0,1000.0,0.0,0.0,16000.0,172000.0,1849000.0,15037000.0,138000.0,0.0,11000.0,0.0,0.0,60000.0,0.04743994131692449,50.42651977590151,20.19907187515076,False,False,False,False,1652895310.5490518,20.19907187515076
09/30/2017,0.0,93806000.0,0.0,2557000.0,91570000.0,81000.0,0.0,-14000.0,0.0,11892000.0,98230000.0,-375000.0,425000.0,1605000.0,102000.0,2190000.0,18226000.0,1307000.0,13261000.0,13261000.0,20170930.0,105698000.0,0.0,554000.0,337000.0,2265000.0,93806000.0,67000.0,10388000.0,22000.0,0.0,0.0,139000.0,848000.0,52857000.0,80000.0,6791000.0,386000.0,0.0,2565000.0,0.0,8294000.0,11892000.0,800000.0,18319000.0,0.0,0.0,1757000.0,0.0,960000.0,142000.0,7468000.0,285.0,145000.0,27000.0,107000.0,52373000.0,153000.0,14796000.0,75000.0,87195000.0,11892000.0,0.0,127000.0,0.0,208000.0,174000.0,806000.0,0.0,31855000.0,5000.0,22000.0,6611000.0,1520000.0,2000.0,0.0,4000.0,21000.0,167000.0,9633000.0,15645000.0,263000.0,0.0,22000.0,0.0,0.0,95000.0,0.047439747273459086,50.426519909049524,20.199071811983888,False,False,False,False,1652888710.367618,20.199071811983888
12/31/2017,0.0,96863000.0,0.0,3039000.0,89001000.0,117000.0,0.0,-14000.0,0.0,13254000.0,101809000.0,-375000.0,551000.0,2060000.0,100000.0,2993000.0,17097000.0,1805000.0,13261000.0,13261000.0,20171231.0,110117000.0,0.0,758000.0,438000.0,3155000.0,96863000.0,88000.0,9932000.0,43000.0,0.0,0.0,156000.0,1218000.0,54963000.0,98000.0,6887000.0,553000.0,0.0,3503000.0,0.0,8590000.0,13254000.0,1039000.0,17118000.0,0.0,0.0,2212000.0,0.0,1443000.0,200000.0,8308000.0,283.0,145000.0,52000.0,125000.0,54758000.0,31000.0,15129000.0,162000.0,87986000.0,13254000.0,0.0,127000.0,0.0,280000.0,249000.0,867000.0,0.0,32367000.0,5000.0,6000.0,8877000.0,1079000.0,5000.0,0.0,10000.0,25000.0,153000.0,13203000.0,16054000.0,359000.0,0.0,28000.0,0.0,0.0,133000.0,0.046416774993375536,49.17593994910592,19.698226044638393,False,False,False,False,1618093399.7600784,19.698226044638393
03/31/2018,0.0,97893000.0,0.0,2937000.0,88061000.0,42000.0,11000.0,0.0,0.0,17630000.0,102183000.0,0.0,139000.0,668000.0,100000.0,821000.0,19228000.0,521000.0,15129000.0,15129000.0,20180331.0,115523000.0,0.0,206000.0,117000.0,961000.0,97893000.0,18000.0,9576000.0,33000.0,0.0,0.0,13000.0,1218000.0,55521000.0,18000.0,7179000.0,170000.0,0.0,887000.0,0.0,7989000.0,17630000.0,219000.0,19244000.0,0.0,0.0,668000.0,11000.0,219000.0,68000.0,13340000.0,283.0,153000.0,52000.0,0.0,58344000.0,-283000.0,15514000.0,140000.0,83834000.0,17630000.0,0.0,3000.0,0.0,72000.0,87000.0,1242000.0,11000.0,35374000.0,0.0,14000.0,14059000.0,1813000.0,2000.0,0.0,0.0,4000.0,167000.0,19074000.0,15616000.0,90000.0,0.0,0.0,0.0,0.0,55000.0,0.0464173754070862,50.09243505232025,20.064824446172352,False,False,False,False,1618113822.191812,20.064824446172352
06/30/2018,0.0,106354000.0,1123000.0,2705000.0,84146000.0,107000.0,41000.0,0.0,0.0,11415000.0,110829000.0,0.0,267000.0,1432000.0,103000.0,1660000.0,12547000.0,1121000.0,15129000.0,15129000.0,20180630.0,117769000.0,0.0,467000.0,223000.0,1991000.0,106354000.0,36000.0,9454000.0,35000.0,0.0,0.0,25000.0,1484000.0,59069000.0,38000.0,6145000.0,323000.0,0.0,1868000.0,0.0,8248000.0,11415000.0,489000.0,12557000.0,0.0,0.0,1432000.0,41000.0,436000.0,143000.0,6940000.0,290.0,153000.0,137000.0,-3000.0,59441000.0,-371000.0,15067000.0,331000.0,83831000.0,11415000.0,0.0,5000.0,0.0,150000.0,175000.0,1536000.0,316000.0,36271000.0,0.0,16000.0,22523000.0,1788000.0,5000.0,0.0,0.0,8000.0,166000.0,27363000.0,15328000.0,190000.0,275000.0,2000.0,0.0,0.0,68000.0,5.378172210344064,0.10978126985025878,3.270815834146542,False,False,False,False,182972065612.29486,3.270815834146542
09/30/2018,0.0,107240000.0,1123000.0,3596000.0,87952000.0,162000.0,105000.0,0.0,0.0,12523000.0,112726000.0,0.0,403000.0,2164000.0,103000.0,2482000.0,17374000.0,1745000.0,15129000.0,15129000.0,20180930.0,119763000.0,0.0,685000.0,339000.0,3069000.0,107240000.0,52000.0,9275000.0,19000.0,8000.0,0.0,36000.0,1919000.0,60085000.0,58000.0,6524000.0,469000.0,0.0,2838000.0,0.0,8678000.0,12523000.0,762000.0,17417000.0,0.0,0.0,2164000.0,105000.0,674000.0,260000.0,7037000.0,303.0,153000.0,268000.0,41000.0,58809000.0,-486000.0,15684000.0,587000.0,85726000.0,12523000.0,0.0,6000.0,0.0,234000.0,281000.0,907000.0,240000.0,38657000.0,0.0,8000.0,21514000.0,2190000.0,13000.0,0.0,0.0,12000.0,150000.0,27202000.0,15378000.0,296000.0,135000.0,5000.0,0.0,0.0,74000.0,5.378047730052642,0.1097812596147109,3.2707411418774694,False,False,False,False,182967831548.00116,3.2707411418774694
12/31/2018,0.0,113653000.0,2619000.0,4434000.0,87817000.0,245000.0,207000.0,0.0,0.0,14122000.0,120872000.0,0.0,545000.0,2911000.0,103000.0,3318000.0,14994000.0,2375000.0,15129000.0,15129000.0,20181231.0,127775000.0,0.0,999000.0,453000.0,4192000.0,113653000.0,75000.0,9020000.0,0.0,8000.0,0.0,41000.0,2143000.0,58502000.0,81000.0,7739000.0,607000.0,0.0,3784000.0,0.0,9181000.0,14122000.0,1023000.0,14999000.0,0.0,0.0,2911000.0,207000.0,873000.0,373000.0,6903000.0,313.0,153000.0,417000.0,-17000.0,58131000.0,-198000.0,15223000.0,874000.0,90619000.0,14122000.0,0.0,4000.0,0.0,326000.0,403000.0,822000.0,425000.0,40558000.0,0.0,17000.0,23034000.0,1808000.0,25000.0,0.0,0.0,17000.0,159000.0,29862000.0,16869000.0,408000.0,218000.0,5000.0,0.0,0.0,79000.0,32.29597782431518,0.23904885723592514,19.473206237483478,True,False,False,False,1098552502586.6041,19.473206237483478
03/31/2019,0.0,106358000.0,0.0,4273000.0,87779000.0,75000.0,372000.0,0.0,0.0,10868000.0,113089000.0,0.0,143000.0,787000.0,103000.0,814000.0,11943000.0,637000.0,15223000.0,15223000.0,20190331.0,117226000.0,0.0,207000.0,117000.0,1176000.0,106358000.0,22000.0,8630000.0,43000.0,5000.0,0.0,30000.0,2245000.0,59923000.0,25000.0,7455000.0,127000.0,0.0,954000.0,0.0,9395000.0,10868000.0,294000.0,11956000.0,0.0,0.0,787000.0,372000.0,167000.0,93000.0,4137000.0,310.0,159000.0,151000.0,57000.0,60456000.0,281000.0,16291000.0,362000.0,80856000.0,10868000.0,0.0,2000.0,0.0,91000.0,136000.0,819000.0,560000.0,32234000.0,0.0,19000.0,25502000.0,1719000.0,11000.0,0.0,0.0,4000.0,173000.0,32237000.0,15521000.0,96000.0,188000.0,8000.0,0.0,0.0,76000.0,0.04795422588921592,2.160409044127217,0.8929361531844164,False,False,False,False,1670388151.5398989,0.8929361531844164
06/30/2019,0.0,99077000.0,1534000.0,6189000.0,79274000.0,121000.0,340000.0,3000.0,0.0,13501000.0,107750000.0,0.0,280000.0,1533000.0,104000.0,1597000.0,8736000.0,1283000.0,15223000.0,15223000.0,20190630.0,112578000.0,0.0,468000.0,228000.0,2329000.0,99077000.0,43000.0,8506000.0,88000.0,6000.0,0.0,52000.0,2407000.0,60521000.0,52000.0,5733000.0,259000.0,0.0,1934000.0,0.0,8513000.0,13501000.0,598000.0,8747000.0,0.0,0.0,1533000.0,340000.0,401000.0,174000.0,4828000.0,303.0,159000.0,289000.0,78000.0,61864000.0,646000.0,15868000.0,732000.0,74666000.0,13501000.0,0.0,0.0,0.0,171000.0,264000.0,567000.0,510000.0,30241000.0,0.0,21000.0,24411000.0,1658000.0,35000.0,0.0,0.0,9000.0,175000.0,34631000.0,15392000.0,191000.0,170000.0,40000.0,0.0,0.0,158000.0,10.517020650106955,0.13722040343328115,6.365100551437485,False,False,False,False,357764512199.4271,6.365100551437485
09/30/2019,0.0,98236000.0,1534000.0,9305000.0,76611000.0,164000.0,324000.0,4000.0,0.0,17614000.0,108366000.0,0.0,420000.0,2198000.0,104000.0,2384000.0,11321000.0,1922000.0,15223000.0,15223000.0,20190930.0,115850000.0,0.0,669000.0,343000.0,3484000.0,98236000.0,65000.0,8379000.0,134000.0,6000.0,0.0,68000.0,2159000.0,62248000.0,78000.0,7218000.0,425000.0,0.0,2806000.0,0.0,8290000.0,17614000.0,820000.0,11340000.0,0.0,0.0,2198000.0,324000.0,608000.0,245000.0,7484000.0,305.0,159000.0,405000.0,83000.0,63539000.0,755000.0,16642000.0,1100000.0,73718000.0,17614000.0,0.0,0.0,0.0,253000.0,385000.0,540000.0,588000.0,32245000.0,0.0,42000.0,24518000.0,1860000.0,75000.0,0.0,0.0,12000.0,194000.0,36980000.0,15981000.0,280000.0,264000.0,64000.0,0.0,0.0,240000.0,10.517160633791267,0.13722040984318198,6.365184544212033,False,False,False,False,357769273595.0881,6.365184544212033
12/31/2019,0.0,101555000.0,2945000.0,10180000.0,76147000.0,197000.0,124000.0,4000.0,0.0,23751000.0,113312000.0,0.0,562000.0,2932000.0,63000.0,3179000.0,17694000.0,2547000.0,15223000.0,15223000.0,20191231.0,125306000.0,0.0,937000.0,460000.0,4605000.0,101555000.0,86000.0,8273000.0,181000.0,6000.0,0.0,78000.0,1918000.0,65458000.0,100000.0,6070000.0,613000.0,0.0,3726000.0,0.0,7909000.0,23751000.0,1129000.0,17708000.0,0.0,0.0,2932000.0,125000.0,794000.0,301000.0,11994000.0,309.0,159000.0,484000.0,114000.0,65857000.0,694000.0,15904000.0,1426000.0,75526000.0,23751000.0,0.0,0.0,0.0,312000.0,504000.0,852000.0,354000.0,40786000.0,0.0,85000.0,26029000.0,1398000.0,111000.0,0.0,0.0,16000.0,238000.0,41126000.0,16699000.0,361000.0,225000.0,65000.0,0.0,0.0,313000.0,41.018873247066644,0.2701667881391966,24.719390663495663,True,False,True,False,1395252483163.7266,24.719390663495663
03/31/2020,0.0,118233000.0,0.0,14417000.0,78459000.0,38000.0,100000.0,-1000.0,0.0,38219000.0,137665000.0,0.0,210000.0,212000.0,63000.0,663000.0,27620000.0,584000.0,15904000.0,15923000.0,20200331.0,156452000.0,0.0,352000.0,184000.0,966000.0,118233000.0,22000.0,8047000.0,50000.0,32000.0,0.0,35000.0,1646000.0,67707000.0,23000.0,11639000.0,80000.0,0.0,280000.0,0.0,9277000.0,38219000.0,-51000.0,27643000.0,0.0,0.0,212000.0,100000.0,68000.0,51000.0,18787000.0,281.0,238000.0,53000.0,-438000.0,74205000.0,718000.0,16853000.0,303000.0,89119000.0,38219000.0,0.0,0.0,0.0,61000.0,115000.0,665000.0,363000.0,57504000.0,0.0,144000.0,29114000.0,2536000.0,45000.0,0.0,0.0,4000.0,334000.0,49909000.0,22296000.0,72000.0,260000.0,31000.0,0.0,0.0,69000.0,0.03397249745168911,2.965956342083522,1.2067660353044223,False,False,False,False,1194814577.078739,1.2067660353044223
06/30/2020,0.0,119978000.0,490000.0,18027000.0,95659000.0,59000.0,61000.0,0.0,0.0,27747000.0,138178000.0,0.0,374000.0,824000.0,134000.0,1413000.0,15510000.0,1084000.0,15904000.0,15923000.0,20200630.0,147725000.0,0.0,503000.0,323000.0,1909000.0,119978000.0,43000.0,7924000.0,110000.0,32000.0,0.0,68000.0,1510000.0,71853000.0,49000.0,8832000.0,289000.0,0.0,1096000.0,0.0,13936000.0,27747000.0,319000.0,15542000.0,0.0,0.0,824000.0,61000.0,272000.0,57000.0,9547000.0,279.0,238000.0,61000.0,-252000.0,66870000.0,898000.0,17155000.0,496000.0,93196000.0,27747000.0,0.0,1000.0,0.0,146000.0,231000.0,602000.0,215000.0,50444000.0,0.0,290000.0,26782000.0,2180000.0,59000.0,0.0,0.0,8000.0,482000.0,47578000.0,22528000.0,121000.0,151000.0,40000.0,0.0,0.0,131000.0,0.8500679047077365,0.05736625026648765,0.5329872429312369,False,False,False,False,28953429090.603565,0.5329872429312369
09/30/2020,25000.0,120714000.0,490000.0,16923000.0,98104000.0,80000.0,33000.0,1000.0,0.0,29830000.0,137101000.0,0.0,530000.0,1358000.0,297000.0,2064000.0,18106000.0,1521000.0,15904000.0,15923000.0,20200930.0,150544000.0,0.0,704000.0,453000.0,2721000.0,120714000.0,65000.0,8105000.0,159000.0,58000.0,0.0,90000.0,1601000.0,66928000.0,73000.0,6833000.0,436000.0,0.0,1799000.0,0.0,10337000.0,29830000.0,569000.0,18170000.0,0.0,0.0,1358000.0,32000.0,441000.0,61000.0,13443000.0,296.0,238000.0,71000.0,-225000.0,69261000.0,867000.0,17658000.0,657000.0,96823000.0,29830000.0,0.0,1000.0,0.0,197000.0,349000.0,422000.0,129000.0,55089000.0,0.0,376000.0,23891000.0,1782000.0,66000.0,0.0,0.0,12000.0,550000.0,43521000.0,23874000.0,170000.0,93000.0,80000.0,3000.0,0.0,189000.0,1.1542303691111073,0.06515691057569299,0.7186009856969415,False,False,False,False,39299190779.47909,0.7186009856969415
12/31/2020,25000.0,123300000.0,1630000.0,17247000.0,104577000.0,101000.0,4000.0,1000.0,0.0,32134000.0,144672000.0,0.0,718000.0,1980000.0,267000.0,2764000.0,17073000.0,1949000.0,15904000.0,15923000.0,20201231.0,155434000.0,0.0,893000.0,598000.0,3548000.0,123300000.0,103000.0,8314000.0,196000.0,98000.0,0.0,104000.0,2030000.0,68509000.0,96000.0,7306000.0,606000.0,0.0,2588000.0,0.0,8114000.0,32134000.0,817000.0,17084000.0,0.0,0.0,1980000.0,225000.0,608000.0,66000.0,10762000.0,304.0,238000.0,79000.0,-180000.0,69395000.0,862000.0,17135000.0,784000.0,103104000.0,32134000.0,0.0,1000.0,0.0,244000.0,465000.0,788000.0,232000.0,57654000.0,0.0,365000.0,20196000.0,1376000.0,70000.0,0.0,0.0,17000.0,505000.0,40841000.0,25173000.0,219000.0,5000.0,100000.0,4000.0,0.0,248000.0,12.448611634099946,0.1462362363697193,7.5276614750078545,False,False,False,False,423465518534.8775,7.5276614750078545
03/31/2021,9000.0,118243000.0,0.0,17109000.0,111069000.0,20000.0,4000.0,0.0,0.0,42345000.0,138804000.0,0.0,179000.0,752000.0,33000.0,769000.0,25092000.0,428000.0,17135000.0,17135000.0,20210331.0,160588000.0,0.0,208000.0,139000.0,880000.0,118243000.0,35000.0,8401000.0,36000.0,9000.0,0.0,11000.0,2102000.0,68429000.0,16000.0,5839000.0,237000.0,0.0,978000.0,0.0,7273000.0,42345000.0,240000.0,25130000.0,0.0,0.0,752000.0,4000.0,226000.0,5000.0,21784000.0,296.0,505000.0,8000.0,21000.0,66931000.0,-447000.0,17440000.0,111000.0,102940000.0,42345000.0,0.0,0.0,0.0,54000.0,113000.0,494000.0,495000.0,69734000.0,0.0,-12000.0,15303000.0,2289000.0,2000.0,0.0,0.0,5000.0,481000.0,32447000.0,24918000.0,46000.0,489000.0,112000.0,0.0,0.0,55000.0,0.029802774239790858,25.528258477049537,10.22918505536369,False,False,False,False,1052985891.0720975,10.22918505536369
06/30/2021,21000.0,118844000.0,0.0,15367000.0,112143000.0,38000.0,1000.0,0.0,0.0,33366000.0,136780000.0,0.0,358000.0,1333000.0,33000.0,1451000.0,26613000.0,871000.0,17135000.0,17135000.0,20210630.0,152210000.0,0.0,458000.0,289000.0,1662000.0,118844000.0,60000.0,8755000.0,73000.0,100000.0,0.0,20000.0,2096000.0,67259000.0,25000.0,4909000.0,371000.0,0.0,1727000.0,0.0,6862000.0,33366000.0,502000.0,26645000.0,0.0,0.0,1333000.0,1000.0,394000.0,12000.0,15430000.0,299.0,505000.0,15000.0,24000.0,67630000.0,-470000.0,17998000.0,211000.0,106073000.0,33366000.0,0.0,1000.0,0.0,97000.0,226000.0,805000.0,495000.0,64161000.0,0.0,13000.0,12771000.0,1741000.0,4000.0,0.0,0.0,9000.0,415000.0,28470000.0,24948000.0,93000.0,492000.0,143000.0,0.0,79000.0,107000.0,0.049868392348953655,24.733491618172156,9.923317682678237,False,False,False,False,1735496481.2745712,9.923317682678237
09/30/2021,21000.0,121368000.0,0.0,14357000.0,115751000.0,55000.0,2000.0,0.0,0.0,34235000.0,138463000.0,0.0,554000.0,1941000.0,33000.0,2147000.0,21463000.0,1314000.0,17135000.0,17135000.0,20210930.0,155603000.0,5000.0,712000.0,455000.0,2443000.0,121368000.0,85000.0,8805000.0,100000.0,102000.0,22000.0,47000.0,2020000.0,68581000.0,28000.0,4752000.0,529000.0,0.0,2527000.0,0.0,7833000.0,34235000.0,802000.0,21484000.0,0.0,0.0,1941000.0,2000.0,586000.0,25000.0,17140000.0,302.0,505000.0,22000.0,43000.0,69133000.0,-583000.0,18493000.0,296000.0,110400000.0,34235000.0,0.0,1000.0,0.0,144000.0,337000.0,1011000.0,640000.0,71138000.0,0.0,11000.0,10968000.0,2128000.0,5000.0,0.0,0.0,14000.0,410000.0,11550000.0,24434000.0,140000.0,636000.0,159000.0,0.0,79000.0,140000.0,0.04985237985537662,24.735066084205307,9.923937861595348,False,False,False,False,1734951833.3906922,9.923937861595348
12/31/2021,27000.0,125885000.0,0.0,14570000.0,119399000.0,71000.0,0.0,0.0,0.0,38135000.0,145680000.0,0.0,787000.0,2538000.0,33000.0,2871000.0,30071000.0,1765000.0,17135000.0,17135000.0,20211231.0,164020000.0,6000.0,965000.0,663000.0,3235000.0,125885000.0,105000.0,8716000.0,120000.0,108000.0,85000.0,119000.0,1788000.0,71670000.0,33000.0,4527000.0,701000.0,0.0,3302000.0,0.0,7672000.0,38135000.0,1093000.0,30099000.0,0.0,0.0,2538000.0,0.0,764000.0,35000.0,18340000.0,301.0,505000.0,25000.0,9000.0,72302000.0,-783000.0,18890000.0,364000.0,116989000.0,38135000.0,0.0,1000.0,0.0,175000.0,446000.0,1266000.0,921000.0,77638000.0,0.0,8000.0,8896000.0,2193000.0,6000.0,0.0,0.0,19000.0,400000.0,9520000.0,24884000.0,182000.0,918000.0,159000.0,0.0,79000.0,160000.0,0.04982271114318413,15.020907896839512,6.038256785421716,False,False,False,False,1733942683.801635,6.038256785421716
03/31/2022,7000.0,128067000.0,0.0,26657000.0,127626000.0,18000.0,0.0,-1000.0,0.0,51917000.0,162734000.0,0.0,263000.0,687000.0,6000.0,809000.0,27420000.0,461000.0,18890000.0,18890000.0,20220331.0,179984000.0,1000.0,249000.0,231000.0,865000.0,128067000.0,27000.0,8499000.0,17000.0,7000.0,59000.0,71000.0,2164000.0,74073000.0,6000.0,5545000.0,214000.0,0.0,894000.0,0.0,7112000.0,51917000.0,317000.0,27470000.0,0.0,0.0,687000.0,0.0,207000.0,14000.0,17250000.0,305.0,400000.0,4000.0,-3000.0,73945000.0,-1250000.0,18327000.0,56000.0,120921000.0,51917000.0,0.0,0.0,0.0,36000.0,122000.0,656000.0,673000.0,77522000.0,0.0,16000.0,7146000.0,2530000.0,2000.0,0.0,0.0,5000.0,407000.0,8248000.0,28326000.0,44000.0,669000.0,26000.0,0.0,0.0,22000.0,0.028555250549662008,4.798503708583423,1.9365346337631666,False,False,False,False,1010552703.8456047,1.9365346337631666
06/30/2022,7000.0,122046000.0,0.0,35589000.0,124942000.0,43000.0,0.0,2000.0,0.0,47526000.0,162923000.0,0.0,521000.0,1602000.0,6000.0,1820000.0,15370000.0,1024000.0,18890000.0,18890000.0,20220630.0,169572000.0,3000.0,752000.0,459000.0,1972000.0,122046000.0,51000.0,8941000.0,39000.0,7000.0,74000.0,109000.0,1783000.0,75552000.0,24000.0,4253000.0,422000.0,0.0,2077000.0,0.0,7285000.0,47526000.0,770000.0,15392000.0,0.0,0.0,1602000.0,0.0,475000.0,56000.0,6649000.0,293.0,400000.0,11000.0,-91000.0,74952000.0,-1919000.0,18573000.0,152000.0,112722000.0,47526000.0,0.0,0.0,0.0,81000.0,266000.0,1109000.0,190000.0,57869000.0,0.0,45000.0,9324000.0,1663000.0,20000.0,0.0,0.0,11000.0,432000.0,11902000.0,29661000.0,99000.0,185000.0,36000.0,0.0,0.0,61000.0,0.028384860039207007,6.087648412089927,2.4520902808594953,False,False,False,False,1004757052.4371669,2.4520902808594953
09/30/2022,7000.0,18447000.0,0.0,112704000.0,42817000.0,83000.0,4000.0,4000.0,0.0,149661000.0,159532000.0,0.0,793000.0,2567000.0,5000.0,3000000.0,19907000.0,1825000.0,18890000.0,18890000.0,20220930.0,168108000.0,4000.0,1036000.0,699000.0,3458000.0,18447000.0,78000.0,8818000.0,92000.0,7000.0,155000.0,198000.0,1565000.0,76720000.0,52000.0,4036000.0,620000.0,0.0,3337000.0,0.0,6534000.0,149661000.0,1098000.0,19926000.0,0.0,0.0,2567000.0,4000.0,770000.0,165000.0,8576000.0,321.0,400000.0,38000.0,-136000.0,75849000.0,-2752000.0,18705000.0,458000.0,5505000.0,149661000.0,0.0,-8000.0,0.0,138000.0,417000.0,628000.0,195000.0,56985000.0,0.0,31000.0,12942000.0,1815000.0,161000.0,0.0,0.0,16000.0,412000.0,17184000.0,28177000.0,178000.0,188000.0,44000.0,0.0,0.0,146000.0,0.02839645975289224,5.0776479012685405,2.0480970363591515,False,False,False,False,1005151604.3214109,2.0480970363591515
12/31/2022,7000.0,27740000.0,0.0,143471000.0,6421000.0,139000.0,104000.0,4000.0,0.0,149616000.0,171040000.0,0.0,1077000.0,3621000.0,4000.0,4200000.0,28440000.0,2901000.0,18890000.0,18890000.0,20221231.0,177356000.0,6000.0,1348000.0,946000.0,5321000.0,27740000.0,109000.0,8510000.0,174000.0,7000.0,155000.0,363000.0,1472000.0,77532000.0,76000.0,4409000.0,812000.0,0.0,4702000.0,0.0,6395000.0,149616000.0,1609000.0,28457000.0,0.0,0.0,3621000.0,104000.0,1081000.0,380000.0,6316000.0,330.0,400000.0,91000.0,-102000.0,75669000.0,-2534000.0,19977000.0,1121000.0,7298000.0,149616000.0,0.0,1000.0,0.0,239000.0,580000.0,476000.0,718000.0,54005000.0,0.0,80000.0,20442000.0,1367000.0,519000.0,0.0,0.0,22000.0,468000.0,26392000.0,26360000.0,275000.0,611000.0,44000.0,0.0,0.0,254000.0,0.028584683482894623,2.8611694436052484,1.1616185875318363,False,False,False,False,1011553833.6649153,1.1616185875318363
03/31/2023,0.0,33820000.0,0.0,141681000.0,7323000.0,62000.0,220000.0,0.0,0.0,145456000.0,168514000.0,0.0,269000.0,1171000.0,4000.0,1277000.0,25388000.0,1211000.0,19977000.0,19977000.0,20230331.0,179276000.0,2000.0,369000.0,231000.0,2172000.0,33820000.0,32000.0,8166000.0,112000.0,69000.0,150000.0,190000.0,1466000.0,77132000.0,27000.0,5085000.0,227000.0,0.0,1520000.0,0.0,6717000.0,145456000.0,607000.0,25501000.0,0.0,0.0,1171000.0,220000.0,349000.0,300000.0,10762000.0,343.0,468000.0,71000.0,48000.0,77940000.0,330000.0,21478000.0,895000.0,7229000.0,145456000.0,0.0,1000.0,0.0,116000.0,155000.0,428000.0,1032000.0,47764000.0,0.0,130000.0,26591000.0,1887000.0,494000.0,0.0,0.0,6000.0,529000.0,33030000.0,23576000.0,109000.0,809000.0,41000.0,0.0,0.0,151000.0,0.02868441075495409,3.0136850772329833,1.222684677346166,False,False,False,False,1014945950.416181,1.222684677346166
06/30/2023,0.0,39258000.0,2225000.0,129538000.0,6472000.0,137000.0,235000.0,-1000.0,0.0,136536000.0,167513000.0,0.0,565000.0,2467000.0,3000.0,2616000.0,22470000.0,2568000.0,19977000.0,19977000.0,20230630.0,175794000.0,4000.0,806000.0,491000.0,4621000.0,39258000.0,62000.0,7854000.0,270000.0,69000.0,455000.0,472000.0,1519000.0,78915000.0,48000.0,5522000.0,484000.0,0.0,3211000.0,0.0,7348000.0,136536000.0,1339000.0,22493000.0,0.0,0.0,2467000.0,235000.0,744000.0,605000.0,8281000.0,332.0,468000.0,139000.0,61000.0,79939000.0,281000.0,20500000.0,2005000.0,5491000.0,136536000.0,0.0,0.0,0.0,218000.0,309000.0,559000.0,1816000.0,42737000.0,0.0,177000.0,33767000.0,1930000.0,1032000.0,0.0,3000.0,12000.0,577000.0,39058000.0,22035000.0,226000.0,1578000.0,31000.0,0.0,0.0,323000.0,22.738765685280978,0.20131544533748802,13.723785589303581,True,False,False,False,773474129111.3383,13.723785589303581
09/30/2023,0.0,40710000.0,2225000.0,137568000.0,5616000.0,221000.0,198000.0,-2000.0,0.0,135830000.0,174982000.0,0.0,843000.0,3534000.0,2000.0,4083000.0,31560000.0,4007000.0,19977000.0,19977000.0,20230930.0,176540000.0,7000.0,848000.0,733000.0,7418000.0,40710000.0,91000.0,7587000.0,395000.0,108000.0,727000.0,709000.0,1552000.0,78801000.0,85000.0,5403000.0,770000.0,0.0,4603000.0,0.0,7010000.0,135830000.0,1642000.0,31628000.0,0.0,0.0,3534000.0,198000.0,1069000.0,1008000.0,1558000.0,315.0,468000.0,200000.0,85000.0,77829000.0,-50000.0,21236000.0,3335000.0,5587000.0,135830000.0,0.0,-1000.0,0.0,351000.0,695000.0,472000.0,2196000.0,43223000.0,0.0,263000.0,35123000.0,2057000.0,1754000.0,0.0,9000.0,19000.0,619000.0,39856000.0,21453000.0,343000.0,1984000.0,44000.0,0.0,0.0,416000.0,22.737463004272502,0.20131774023837118,13.72300489865885,False,False,False,False,773429819806.7805,13.72300489865885
12/31/2023,0.0,39829000.0,3225000.0,133026000.0,5595000.0,337000.0,152000.0,-1000.0,0.0,136078000.0,174156000.0,0.0,1235000.0,4518000.0,0.0,5330000.0,11823000.0,5462000.0,19977000.0,19977000.0,20231231.0,175907000.0,9000.0,1036000.0,1096000.0,10168000.0,39829000.0,112000.0,7386000.0,668000.0,128000.0,1029000.0,1003000.0,1555000.0,78118000.0,111000.0,6282000.0,1043000.0,0.0,5922000.0,0.0,7065000.0,136078000.0,2139000.0,11859000.0,0.0,0.0,4518000.0,152000.0,1404000.0,1360000.0,1751000.0,309.0,468000.0,261000.0,100000.0,79621000.0,602000.0,21872000.0,4838000.0,5692000.0,136078000.0,0.0,-5000.0,0.0,472000.0,988000.0,461000.0,2189000.0,37746000.0,0.0,310000.0,34137000.0,2631000.0,2496000.0,0.0,9000.0,27000.0,654000.0,37189000.0,21900000.0,463000.0,2011000.0,49000.0,1000.0,0.0,614000.0,49.25930855242859,0.29697275494252967,29.674374233434165,True,False,True,True,1675542097627.1677,29.674374233434165
03/31/2024,0.0,39718000.0,0.0,136302000.0,5608000.0,179000.0,107000.0,-1000.0,0.0,136201000.0,174167000.0,0.0,293000.0,1260000.0,0.0,1259000.0,18122000.0,1437000.0,21872000.0,21872000.0,20240331.0,175919000.0,3000.0,261000.0,253000.0,2746000.0,39718000.0,32000.0,7157000.0,234000.0,0.0,340000.0,333000.0,1403000.0,78198000.0,17000.0,4980000.0,283000.0,0.0,1652000.0,0.0,7911000.0,136201000.0,633000.0,18166000.0,0.0,0.0,1260000.0,107000.0,392000.0,313000.0,1752000.0,306.0,654000.0,62000.0,39000.0,77122000.0,-45000.0,23087000.0,1487000.0,5751000.0,136201000.0,0.0,-3000.0,0.0,141000.0,348000.0,531000.0,2227000.0,38069000.0,0.0,-21000.0,33967000.0,2373000.0,761000.0,0.0,3000.0,8000.0,629000.0,36969000.0,21488000.0,110000.0,2077000.0,43000.0,0.0,0.0,125000.0,0.029199842504731812,2.861548958285284,1.1621394888169527,False,False,False,False,1032477811.4251995,1.1621394888169527
06/30/2024,0.0,42535000.0,1100000.0,129662000.0,5573000.0,327000.0,79000.0,0.0,0.0,129664000.0,170616000.0,0.0,578000.0,2471000.0,0.0,2570000.0,10914000.0,2929000.0,21872000.0,21872000.0,20240630.0,172199000.0,5000.0,623000.0,504000.0,5581000.0,42535000.0,58000.0,6995000.0,472000.0,52000.0,605000.0,571000.0,1146000.0,80301000.0,36000.0,4717000.0,577000.0,0.0,3232000.0,0.0,7080000.0,129664000.0,1225000.0,10954000.0,0.0,0.0,2471000.0,79000.0,761000.0,514000.0,1583000.0,290.0,654000.0,123000.0,31000.0,83045000.0,-9000.0,23234000.0,3011000.0,5588000.0,129664000.0,0.0,-26000.0,0.0,259000.0,757000.0,674000.0,2398000.0,34302000.0,0.0,49000.0,36947000.0,1676000.0,1534000.0,0.0,7000.0,16000.0,650000.0,40659000.0,20928000.0,220000.0,2315000.0,49000.0,4000.0,11000.0,218000.0,5.0111023811676425,0.10790030460454175,3.049821550542402,False,False,False,False,170486577032.08917,3.049821550542402
09/30/2024,0.0,45080000.0,1100000.0,131014000.0,5726000.0,514000.0,111000.0,6000.0,34000.0,135077000.0,178472000.0,0.0,845000.0,3563000.0,0.0,3843000.0,13225000.0,4481000.0,21872000.0,21872000.0,20240930.0,180157000.0,9000.0,838000.0,733000.0,8530000.0,45080000.0,88000.0,6865000.0,755000.0,147000.0,906000.0,846000.0,959000.0,84011000.0,55000.0,4033000.0,861000.0,0.0,4664000.0,0.0,6627000.0,135077000.0,1695000.0,13256000.0,0.0,0.0,3563000.0,112000.0,1101000.0,690000.0,1685000.0,281.0,654000.0,160000.0,11000.0,81846000.0,421000.0,24756000.0,4687000.0,5844000.0,135077000.0,0.0,-61000.0,0.0,378000.0,1217000.0,544000.0,1834000.0,36548000.0,0.0,62000.0,39236000.0,1909000.0,2390000.0,0.0,11000.0,24000.0,574000.0,43291000.0,22036000.0,329000.0,1717000.0,50000.0,4000.0,11000.0,312000.0,5.031208317976931,0.10793844322662277,3.0619003680768078,False,False,False,False,171170459019.85687,3.0619003680768078
12/31/2024,0.0,44928000.0,4547000.0,137592000.0,6042000.0,663000.0,211000.0,5000.0,34000.0,142165000.0,185549000.0,0.0,1204000.0,4709000.0,0.0,5046000.0,19686000.0,5906000.0,21872000.0,21872000.0,20241231.0,187093000.0,12000.0,1267000.0,1052000.0,11363000.0,44928000.0,117000.0,6851000.0,1063000.0,209000.0,1274000.0,1178000.0,15088000.0,82285000.0,83000.0,2338000.0,1147000.0,0.0,6235000.0,0.0,5779000.0,142165000.0,2472000.0,19766000.0,0.0,0.0,4709000.0,135000.0,1526000.0,930000.0,1544000.0,281.0,654000.0,210000.0,27000.0,84961000.0,56000.0,22090000.0,6317000.0,6348000.0,142165000.0,0.0,-78000.0,0.0,443000.0,1671000.0,639000.0,1747000.0,39543000.0,0.0,107000.0,38580000.0,1971000.0,3185000.0,0.0,12000.0,35000.0,546000.0,43134000.0,22853000.0,432000.0,1530000.0,51000.0,4000.0,11000.0,414000.0,100.0,0.43918906478888,60.17567562591555,True,False,True,True,3401432577489.813,60.17567562591555
03/31/2025,0.0,47298000.0,0.0,141394000.0,6651000.0,138000.0,211000.0,0.0,0.0,139791000.0,185467000.0,0.0,346000.0,1116000.0,0.0,1109000.0,9299000.0,1411000.0,22090000.0,22090000.0,20250331.0,187089000.0,4000.0,374000.0,290000.0,2699000.0,47298000.0,44000.0,0.0,328000.0,31000.0,378000.0,370000.0,15279000.0,88564000.0,12000.0,4880000.0,269000.0,7000.0,1467000.0,0.0,4777000.0,139791000.0,751000.0,9363000.0,0.0,0.0,1116000.0,137000.0,351000.0,189000.0,1622000.0,271.0,546000.0,47000.0,7000.0,93585000.0,252000.0,23458000.0,1590000.0,6806000.0,139791000.0,0.0,-13000.0,0.0,74000.0,460000.0,617000.0,2314000.0,36330000.0,0.0,34000.0,40492000.0,2772000.0,758000.0,0.0,5000.0,12000.0,563000.0,45335000.0,22774000.0,0.0,2012000.0,21000.0,8000.0,0.0,123000.0,0.029904002291928505,3.6325522306500524,1.470963293635178,False,False,False,False,1056429055.2564075,1.470963293635178
06/30/2025,0.0,53366000.0,0.0,141476000.0,7095000.0,258000.0,378000.0,0.0,0.0,139537000.0,191091000.0,0.0,697000.0,2284000.0,0.0,2278000.0,11826000.0,2879000.0,22090000.0,22090000.0,20250630.0,192903000.0,7000.0,866000.0,586000.0,5525000.0,53366000.0,85000.0,0.0,660000.0,62000.0,701000.0,681000.0,15441000.0,93846000.0,29000.0,2202000.0,535000.0,12000.0,3000000.0,0.0,4904000.0,139537000.0,1568000.0,12071000.0,0.0,0.0,2284000.0,153000.0,716000.0,364000.0,1812000.0,268.0,546000.0,98000.0,21000.0,95359000.0,274000.0,24648000.0,3247000.0,7236000.0,139537000.0,0.0,-38000.0,0.0,147000.0,947000.0,542000.0,2286000.0,36433000.0,0.0,104000.0,46079000.0,1406000.0,1544000.0,0.0,15000.0,26000.0,629000.0,50799000.0,23095000.0,0.0,2005000.0,21000.0,20000.0,3000.0,243000.0,0.031669120413109764,4.64655176767926,1.87762217931957,False,False,False,False,1116467664.7879217,1.87762217931957
09/30/2025,0.0,59556000.0,0.0,142468000.0,7697000.0,369000.0,64000.0,-1000.0,0.0,142046000.0,199472000.0,0.0,1103000.0,3368000.0,0.0,3425000.0,11958000.0,4381000.0,22090000.0,22090000.0,20250930.0,201602000.0,10000.0,1184000.0,927000.0,8418000.0,59556000.0,132000.0,0.0,967000.0,100000.0,1068000.0,1034000.0,15498000.0,98717000.0,51000.0,3082000.0,791000.0,11000.0,4423000.0,0.0,3940000.0,142046000.0,2244000.0,12004000.0,0.0,0.0,3368000.0,64000.0,1055000.0,520000.0,2130000.0,270.0,546000.0,155000.0,26000.0,101821000.0,527000.0,25985000.0,4993000.0,7875000.0,142046000.0,0.0,-55000.0,0.0,212000.0,1494000.0,663000.0,2331000.0,40231000.0,0.0,128000.0,50821000.0,1623000.0,2348000.0,0.0,20000.0,44000.0,614000.0,56419000.0,23298000.0,0.0,2211000.0,23000.0,20000.0,3000.0,378000.0,0.03167335887486326,4.672898364314552,1.888163361050739,False,False,False,False,1116611831.5420773,1.888163361050739
